name,ra_deg,dec_deg,redshift,m1450,M1450,disc_ref,disc_bibcode,redshift_ref,redshift_bibcode
J031343.84-180636.40,48.432662,-18.110111,7.6423,20.94,-26.13,Wang2021a,2021ApJ...907L...1W,Wang2021a,2021ApJ...907L...1W
J134208.11+092838.61,205.533772,9.477391,7.54,20.34,-26.71,Banados2018a,2018Natur.553..473B,Banados2019a,2019ApJ...881L..23B
J100758.27+211529.21,151.992773,21.258113,7.5149,20.43,-26.62,Yang2020,2020ApJ...897L..14Y,Yang2020,2020ApJ...897L..14Y
J123616.92+621232.13,189.070498,62.208924,7.1899,23.85,-23.13,Fujimoto2022,2022Natur.604..261F,Fujimoto2022,2022Natur.604..261F
J112001.48+064124.30,170.00616,6.690083,7.0848,20.38,-26.58,Mortlock2011,2011Natur.474..616M,Venemans2020,2020ApJ...904..130V
J124353.93+010038.50,190.974708,1.010694,7.0749,22.82,-24.13,Matsuoka2019b,2019ApJ...872L...2M,Izumi2021b,2021ApJ...914...36I
J003836.10-152723.60,9.650417,-15.456556,7.034,19.93,-27.01,Wang2018,2018ApJ...869L...9W,Yang2021,2021ApJ...923..262Y
J133013.00+423432.20,202.554167,42.575611,7.02,21.36,-25.58,Matsuoka2025,2025ApJS..280...68M,Matsuoka2025,2025ApJS..280...68M
J235646.33+001747.30,359.193042,0.296472,7.01,21.63,-25.31,Matsuoka2019a,2019ApJ...883..183M,Matsuoka2019a,2019ApJ...883..183M
J025216.64-050331.80,43.069333,-5.058833,7.0006,21.17,-25.77,Yang2019b,2019AJ....157..236Y,Wang2024,2024ApJ...968....9W
J041009.05-013919.88,62.537712,-1.655521,6.9964,21.33,-25.61,Banados2025,2025NatAs...9..293B,Banados2024,2024ApJ...977L..46B
J134905.63+015608.90,207.273458,1.935806,6.94,22.09,-24.83,Matsuoka2022,2022ApJS..259...18M,Matsuoka2022,2022ApJS..259...18M
J131746.92+001722.20,199.4455,0.2895,6.94,22.12,-24.8,Matsuoka2022,2022ApJS..259...18M,Matsuoka2022,2022ApJS..259...18M
J160953.03+532821.00,242.470958,53.4725,6.92,24.17,-22.75,Matsuoka2019a,2019ApJ...883..183M,Matsuoka2019a,2019ApJ...883..183M
J083946.88+390011.44,129.945333,39.003178,6.905,20.63,-26.29,Wang2019b,2019ApJ...884...30W,Wang2019b,2019ApJ...884...30W
J234833.34-305410.24,357.1389,-30.902844,6.9007,21.17,-25.74,Venemans2013,2013ApJ...779...24V,Venemans2020,2020ApJ...904..130V
J221027.24+030428.50,332.6135,3.074583,6.9,22.47,-24.44,Matsuoka2018b,2018ApJS..237....5M,Matsuoka2018b,2018ApJS..237....5M
J024655.90-521949.90,41.732917,-52.330528,6.8876,21.45,-25.46,Yang2019b,2019AJ....157..236Y,Yang2021,2021ApJ...923..262Y
J142322.01+020612.80,215.841708,2.103556,6.875,22.63,-24.28,Matsuoka2025,2025ApJS..280...68M,Matsuoka2025b,2025ApJ...988...57M
J191730.00+500313.37,289.374982,50.053715,6.856,20.7,-26.2,Belladitta2025,2025A&A...699A.335B,Belladitta2025,2025A&A...699A.335B
J095858.27+013920.20,149.742792,1.655611,6.8532,25.2,-21.7,Endsley2023,2023MNRAS.520.4609E,Endsley2023,2023MNRAS.520.4609E
J140344.28+423114.30,210.9345,42.520639,6.85,22.45,-24.45,Matsuoka2025,2025ApJS..280...68M,Matsuoka2025,2025ApJS..280...68M
J021430.90+023240.40,33.62875,2.544556,6.85,21.55,-25.35,Matsuoka2022,2022ApJS..259...18M,Matsuoka2022,2022ApJS..259...18M
J221100.60-632055.85,332.752502,-63.348846,6.8449,21.98,-24.92,Yang2019b,2019AJ....157..236Y,Yang2021,2021ApJ...923..262Y
J002031.47-365341.82,5.13113,-36.89495,6.834,19.98,-26.92,Reed2019,2019MNRAS.487.1874R,Reed2019,2019MNRAS.487.1874R
J031941.66-100846.00,49.923583,-10.146111,6.8275,21.19,-25.71,Yang2019b,2019AJ....157..236Y,Yang2021,2021ApJ...923..262Y
J041128.63-090749.70,62.869283,-9.130473,6.826,20.28,-26.62,Wang2019b;Pons2019,2019ApJ...884...30W;2019MNRAS.484.5142P,Yang2021,2021ApJ...923..262Y
J112925.37+184624.33,172.355699,18.773425,6.823,21.08,-25.82,Banados2021,2021ApJ...909...80B,Banados2021,2021ApJ...909...80B
J011257.84+011042.40,18.241,1.178444,6.82,22.83,-24.07,Matsuoka2019a,2019ApJ...883..183M,Matsuoka2019a,2019ApJ...883..183M
J131050.13-005054.10,197.708875,-0.848361,6.82,22.23,-24.67,Matsuoka2022,2022ApJS..259...18M,Matsuoka2022,2022ApJS..259...18M
J225706.60+053102.40,344.2775,5.517333,6.81,23.02,-23.87,Matsuoka2025,2025ApJS..280...68M,Matsuoka2025,2025ApJS..280...68M
J142903.08-010443.40,217.262833,-1.078722,6.8,23.84,-23.05,Matsuoka2018a,2018PASJ...70S..35M,Matsuoka2018a,2018PASJ...70S..35M
J010953.13-304726.31,17.471379,-30.790642,6.7904,21.3,-25.59,Venemans2013,2013ApJ...779...24V,Venemans2020,2020ApJ...904..130V
J161207.12+555919.20,243.029667,55.988667,6.78,23.87,-23.02,Matsuoka2019a,2019ApJ...883..183M,Matsuoka2019a,2019ApJ...883..183M
J082931.97+411740.40,127.383208,41.294556,6.773,20.52,-26.37,Wang2019b,2019ApJ...884...30W,Wang2019b,2019ApJ...884...30W
J021847.04+000715.17,34.695996,0.120882,6.77,21.34,-25.55,Yang2021;Matsuoka2022,2021ApJ...923..262Y;2022ApJS..259...18M,Yang2021,2021ApJ...923..262Y
J110421.59+213428.80,166.089958,21.574667,6.7662,20.21,-26.67,Wang2019b,2019ApJ...884...30W,Yang2021,2021ApJ...923..262Y
J223942.28+040943.20,339.926167,4.162,6.74,23.81,-23.07,Matsuoka2025,2025ApJS..280...68M,Matsuoka2025,2025ApJS..280...68M
J015851.37+052410.30,29.714042,5.402861,6.73,22.95,-23.92,Matsuoka2025,2025ApJS..280...68M,Matsuoka2025,2025ApJS..280...68M
J091013.65+165630.18,137.556879,16.941717,6.7289,21.3,-25.58,Wang2019b,2019ApJ...884...30W,Yang2021,2021ApJ...923..262Y
J022935.26-080822.94,37.3969,-8.139706,6.7249,20.61,-26.26,Belladitta2025,2025A&A...699A.335B,Wang2024,2024ApJ...968....9W
J024401.02-500853.74,41.00424,-50.14826,6.724,20.15,-26.72,Reed2019,2019MNRAS.487.1874R,Reed2019,2019MNRAS.487.1874R
J120505.10-000027.97,181.271242,-0.007769,6.723,21.38,-25.49,Matsuoka2016,2016ApJ...828...26M,Izumi2021a,2021ApJ...908..235I
J021316.94-062615.25,33.320583,-6.437569,6.7214,21.63,-25.24,Matsuoka2018b,2018ApJS..237....5M,Wang2024,2024ApJ...968....9W
J134400.87+012827.80,206.003625,1.474389,6.72,23.41,-23.46,Matsuoka2019a,2019ApJ...883..183M,Matsuoka2019a,2019ApJ...883..183M
J043043.66-144541.21,67.6819,-14.761448,6.7142,20.89,-25.98,Belladitta2025,2025A&A...699A.335B,Wang2024,2024ApJ...968....9W
J133833.25-001832.90,204.638542,-0.309139,6.7,22.88,-23.99,Matsuoka2022,2022ApJS..259...18M,Matsuoka2022,2022ApJS..259...18M
J142817.14+045430.38,217.071422,4.90844,6.696,21.11,-25.76,Belladitta2025,2025A&A...699A.335B,Belladitta2025,2025A&A...699A.335B
J000142.54+000057.50,0.42725,0.015972,6.69,22.38,-24.49,Matsuoka2019a,2019ApJ...883..183M,Matsuoka2019a,2019ApJ...883..183M
J123137.77+005230.30,187.907375,0.875083,6.69,22.48,-24.39,Matsuoka2019a,2019ApJ...883..183M,Matsuoka2019a,2019ApJ...883..183M
J200241.59-301321.69,300.673308,-30.222692,6.6876,19.96,-26.91,Yang2021,2021ApJ...923..262Y,Yang2021,2021ApJ...923..262Y
J092359.00+075349.11,140.995821,7.896974,6.6817,21.36,-25.5,Yang2021,2021ApJ...923..262Y,Yang2021,2021ApJ...923..262Y
J113034.65+045013.10,172.644375,4.836972,6.68,22.92,-23.94,Matsuoka2022,2022ApJS..259...18M,Matsuoka2022,2022ApJS..259...18M
J104819.08-010940.29,162.07951,-1.161192,6.6759,20.9,-25.96,Wang2017,2017ApJ...839...27W,Venemans2020,2020ApJ...904..130V
J225209.17+040243.80,343.038208,4.0455,6.67,22.84,-24.02,Matsuoka2022,2022ApJS..259...18M,Matsuoka2022,2022ApJS..259...18M
J223255.15+293032.24,338.229808,29.508955,6.666,20.78,-26.08,Venemans2015a,2015ApJ...801L..11V,Mazzucchelli2017,2017ApJ...849...91M
J210219.23-145853.87,315.580112,-14.981629,6.6645,21.36,-25.5,Wang2019b,2019ApJ...884...30W,Yang2021,2021ApJ...923..262Y
J091041.14+005646.30,137.671417,0.946194,6.65,22.31,-24.55,Matsuoka2022,2022ApJS..259...18M,Matsuoka2022,2022ApJS..259...18M
J121627.58+451910.70,184.114917,45.319639,6.648,21.27,-25.59,Wang2019b,2019ApJ...884...30W,Yang2021,2021ApJ...923..262Y
J083737.83+492900.60,129.407625,49.4835,6.6452,20.53,-26.33,Wang2019b,2019ApJ...884...30W,Wang2024,2024ApJ...968....9W
J225810.01+035345.30,344.541708,3.895917,6.64,20.75,-26.1,Matsuoka2025,2025ApJS..280...68M,Matsuoka2025,2025ApJS..280...68M
J091054.53-041406.80,137.727208,-4.235222,6.6363,20.49,-26.36,Wang2019b,2019ApJ...884...30W,Yang2021,2021ApJ...923..262Y
J092347.12+040254.40,140.946333,4.048444,6.633,20.67,-26.18,Matsuoka2018b,2018ApJS..237....5M,Yang2021,2021ApJ...923..262Y
J145005.39-014438.90,222.522458,-1.744139,6.63,23.12,-23.73,Matsuoka2022,2022ApJS..259...18M,Matsuoka2022,2022ApJS..259...18M
J103537.74+032435.70,158.90725,3.409917,6.63,22.34,-24.51,Matsuoka2022,2022ApJS..259...18M,Matsuoka2022,2022ApJS..259...18M
J102314.45-004447.90,155.810208,-0.746639,6.63,22.38,-24.47,Matsuoka2022,2022ApJS..259...18M,Matsuoka2022,2022ApJS..259...18M
J002429.77+391318.97,6.12405,39.221936,6.621,20.0,-26.85,Tang2017,2017MNRAS.466.4568T,Mazzucchelli2017,2017ApJ...849...91M
J091906.33+051235.30,139.776375,5.209806,6.62,22.87,-23.98,Matsuoka2022,2022ApJS..259...18M,Matsuoka2022,2022ApJS..259...18M
J030516.92-315055.90,46.320483,-31.848861,6.6139,20.72,-26.13,Venemans2013,2013ApJ...779...24V,Venemans2019,2019ApJ...874L..30V
J070626.39+292105.50,106.609958,29.351528,6.6037,19.33,-27.52,Wang2019b,2019ApJ...884...30W,Yang2021,2021ApJ...923..262Y
J233624.69+184248.71,354.102895,18.713531,6.6,22.53,-24.32,Gloudemans2022,2022A&A...668A..27G,Gloudemans2022,2022A&A...668A..27G
J213233.19+121755.26,323.138286,12.298682,6.5872,19.78,-27.06,Mazzucchelli2017,2017ApJ...849...91M,Venemans2020,2020ApJ...904..130V
J152637.84-205000.66,231.657658,-20.833517,6.5869,19.7,-27.14,Mazzucchelli2017,2017ApJ...849...91M,Venemans2020,2020ApJ...904..130V
J113508.93+501133.00,173.787208,50.1925,6.5851,20.65,-26.19,Wang2019b,2019ApJ...884...30W,Yang2021,2021ApJ...923..262Y
J105807.72+293041.73,164.532185,29.511591,6.5846,21.16,-25.68,Yang2021,2021ApJ...923..262Y,Yang2021,2021ApJ...923..262Y
J233807.03+214358.18,354.529301,21.732827,6.565,21.18,-25.66,Yang2021,2021ApJ...923..262Y,Yang2021,2021ApJ...923..262Y
J092120.56+000722.90,140.335667,0.123028,6.5646,22.05,-24.79,Matsuoka2018b,2018ApJS..237....5M,Yang2021,2021ApJ...923..262Y
J144045.91+001912.90,220.191292,0.32025,6.55,23.6,-23.23,Matsuoka2022,2022ApJS..259...18M,Matsuoka2022,2022ApJS..259...18M
J111427.15+021517.60,168.613125,2.254889,6.55,22.08,-24.75,Matsuoka2022,2022ApJS..259...18M,Matsuoka2022,2022ApJS..259...18M
J022601.88+030259.40,36.507814,3.049832,6.5405,19.55,-27.28,Venemans2015a,2015ApJ...801L..11V,Venemans2020,2020ApJ...904..130V
J014852.70-282639.18,27.2196,-28.444217,6.54,20.42,-26.41,Yang2020,2020ApJ...897L..14Y,Yang2020,2020ApJ...897L..14Y
J052559.67-240622.98,81.498646,-24.106383,6.5397,21.4,-25.43,Yang2021,2021ApJ...923..262Y,Yang2021,2021ApJ...923..262Y
J144355.05+350055.64,220.97938,35.015457,6.53,21.21,-25.62,Yang2023,2023ApJS..269...27Y,Yang2023,2023ApJS..269...27Y
J010650.34+060725.25,16.70975,6.12368,6.53,20.98,-25.85,Belladitta2025,2025A&A...699A.335B,Belladitta2025,2025A&A...699A.335B
J022426.54-471129.36,36.11057,-47.19149,6.5222,19.89,-26.94,Reed2017,2017MNRAS.468.4702R,Wang2024,2024ApJ...968....9W
J043947.09+163415.77,69.946188,16.571047,6.5188,17.47,-29.36,Fan2019,2019ApJ...870L..11F,Yang2019c,2019ApJ...880..153Y
J111033.98-132945.68,167.64159,-13.496023,6.5144,21.25,-25.57,Venemans2015a,2015ApJ...801L..11V,Venemans2020,2020ApJ...904..130V
J222228.15-154050.84,335.61728,-15.68079,6.511,19.85,-26.97,Belladitta2025,2025A&A...699A.335B,Belladitta2025,2025A&A...699A.335B
J011553.41+031829.37,18.972524,3.308157,6.51,20.76,-26.06,Yang2023;Martinez-Ramirez2026,2023ApJS..269...27Y;2026arXiv260308830M,Yang2023,2023ApJS..269...27Y
J154505.62+423211.60,236.273417,42.536556,6.5,22.67,-24.15,Matsuoka2018b,2018ApJS..237....5M,Matsuoka2018b,2018ApJS..237....5M
J140258.02-062904.58,210.74177,-6.484605,6.49,21.43,-25.39,Yang2023,2023ApJS..269...27Y,Yang2023,2023ApJS..269...27Y
J135012.04-002705.20,207.550167,-0.451444,6.49,22.44,-24.38,Matsuoka2019a,2019ApJ...883..183M,Matsuoka2019a,2019ApJ...883..183M
J110327.65+022947.20,165.865208,2.496444,6.49,22.64,-24.18,Matsuoka2022,2022ApJS..259...18M,Matsuoka2022,2022ApJS..259...18M
J172408.74+190143.12,261.036428,19.028645,6.48,21.12,-25.7,Mazzucchelli2017,2017ApJ...849...91M,Yang2021,2021ApJ...923..262Y
J162911.30+240739.74,247.297081,24.127706,6.476,20.28,-26.54,Mazzucchelli2017,2017ApJ...849...91M,Mazzucchelli2017,2017ApJ...849...91M
J004533.57+090156.96,11.389865,9.03249,6.4695,20.85,-25.96,Mazzucchelli2017,2017ApJ...849...91M,Eilers2020erratum,2021ApJ...914...74E
J215501.14-511151.11,328.75473,-51.19753,6.45,21.27,-25.54,Martinez-Ramirez2026,2026arXiv260308830M,Martinez-Ramirez2026,2026arXiv260308830M
J213110.29-435902.46,322.792862,-43.984017,6.45,21.51,-25.3,Yang2019b,2019AJ....157..236Y,Yang2019b,2019AJ....157..236Y
J132539.95+441559.00,201.416458,44.266389,6.45,20.86,-25.95,Matsuoka2022,2022ApJS..259...18M,Matsuoka2022,2022ApJS..259...18M
J225634.63-024559.18,344.144296,-2.76644,6.45,20.86,-25.95,Andika2020,2020ApJ...903...34A,Andika2020,2020ApJ...903...34A
J231818.35-311346.34,349.57647,-31.229539,6.4429,20.75,-26.06,Ighina2024,2024A&A...687A.242I,Venemans2020,2020ApJ...904..130V
J132352.02-013941.40,200.96675,-1.6615,6.44,22.19,-24.62,Matsuoka2022,2022ApJS..259...18M,Matsuoka2022,2022ApJS..259...18M
J121226.98+050533.49,183.112421,5.092636,6.4386,19.82,-26.99,Mazzucchelli2017,2017ApJ...849...91M,Venemans2020,2020ApJ...904..130V
J021013.19-045620.90,32.554958,-4.939139,6.4323,22.33,-24.47,Willott2010b,2010AJ....140..546W,Willott2013,2013ApJ...770...13W
J125934.97+021309.00,194.895708,2.219167,6.43,21.81,-24.99,Matsuoka2025,2025ApJS..280...68M,Matsuoka2025,2025ApJS..280...68M
J114816.65+525150.43,177.06938,52.864008,6.4191,19.24,-27.56,Fan2003,2003AJ....125.1649F,Meyer2022,2022ApJ...927..152M
J232908.28-030158.80,352.2845,-3.033,6.4164,21.61,-25.19,Willott2007,2007AJ....134.2435W,Willott2017,2017ApJ...850..108W
J110423.75+024708.60,166.098958,2.785722,6.41,22.74,-24.06,Matsuoka2022,2022ApJS..259...18M,Matsuoka2022,2022ApJS..259...18M
J100401.36+023930.70,151.005667,2.658528,6.41,22.28,-24.52,Matsuoka2018b,2018ApJS..237....5M,Matsuoka2018b,2018ApJS..237....5M
J112319.84+201229.73,170.832658,20.208258,6.41,20.7,-26.1,Banados2023,2023ApJS..265...29B,Banados2023,2023ApJS..265...29B
J021638.85-522620.59,34.161885,-52.439053,6.41,21.7,-25.1,Yang2019b,2019AJ....157..236Y,Yang2019b,2019AJ....157..236Y
J113753.64+004509.70,174.4735,0.752694,6.4,22.6,-24.2,Matsuoka2019a,2019ApJ...883..183M,Matsuoka2019a,2019ApJ...883..183M
J223644.58+003256.90,339.18575,0.549139,6.4,23.05,-23.75,Matsuoka2016,2016ApJ...828...26M,Matsuoka2016,2016ApJ...828...26M
J005537.07-342636.30,13.904469,-34.443417,6.4,20.99,-25.81,YangD2024,2024MNRAS.528.2679Y,YangD2024,2024MNRAS.528.2679Y
J084456.62+022640.50,131.235917,2.444583,6.397,25.23,-21.57,Matsuoka2019a,2019ApJ...883..183M,Matsuoka2025b,2025ApJ...988...57M
J085907.19+002255.90,134.779958,0.382194,6.3903,22.7,-24.09,Matsuoka2016,2016ApJ...828...26M,Izumi2018,2018PASJ...70...36I
J140617.42+433033.20,211.572583,43.509222,6.39,23.04,-23.75,Matsuoka2022,2022ApJS..259...18M,Matsuoka2022,2022ApJS..259...18M
J080305.43+313834.19,120.772623,31.642831,6.384,20.28,-26.51,Wang2019b,2019ApJ...884...30W,Yang2021,2021ApJ...923..262Y
J103654.19-023237.94,159.225791,-2.543873,6.3809,20.05,-26.74,Banados2016,2016ApJS..227...11B,Decarli2018,2018ApJ...854...97D
J010449.12-685756.77,16.20466,-68.96577,6.38,20.43,-26.36,Martinez-Ramirez2026,2026arXiv260308830M,Martinez-Ramirez2026,2026arXiv260308830M
J153532.87+194320.10,233.886958,19.72225,6.37,19.79,-27.0,Wang2019b,2019ApJ...884...30W,Yang2021,2021ApJ...923..262Y
J021144.53-020303.90,32.935542,-2.051083,6.37,23.43,-23.36,Matsuoka2018b,2018ApJS..237....5M,Matsuoka2018b,2018ApJS..237....5M
J115221.27+005536.69,178.08863,0.926858,6.3643,21.74,-25.05,Banados2023;Matsuoka2016,2023ApJS..265...29B;2016ApJ...828...26M,Decarli2018,2018ApJ...854...97D
J113206.98+035011.70,173.029083,3.836583,6.36,23.23,-23.56,Matsuoka2025,2025ApJS..280...68M,Matsuoka2025,2025ApJS..280...68M
J230422.97+004505.40,346.095708,0.7515,6.36,22.51,-24.28,Matsuoka2018b,2018ApJS..237....5M,Matsuoka2018b,2018ApJS..237....5M
J222343.78-381527.11,335.9324,-38.25753,6.36,20.49,-26.3,Martinez-Ramirez2026,2026arXiv260308830M,Martinez-Ramirez2026,2026arXiv260308830M
J085738.53+005612.70,134.410542,0.936861,6.35,23.77,-23.01,Matsuoka2018a,2018PASJ...70S..35M,Matsuoka2018a,2018PASJ...70S..35M
J053520.90+115053.64,83.837066,11.848235,6.3401,20.11,-26.67,Andika2020,2020ApJ...903...34A,Andika2020,2020ApJ...903...34A
J105131.80-015159.00,162.8825,-1.866389,6.34,23.37,-23.41,Matsuoka2022,2022ApJS..259...18M,Matsuoka2022,2022ApJS..259...18M
J225538.04+025126.60,343.9085,2.857389,6.34,22.91,-23.87,Matsuoka2018b,2018ApJS..237....5M,Matsuoka2018b,2018ApJS..237....5M
J221112.39-320612.95,332.80163,-32.103597,6.3394,18.78,-28.0,Banados2023,2023ApJS..265...29B,Decarli2018,2018ApJ...854...97D
J014243.73-332745.47,25.682197,-33.46263,6.3373,19.02,-27.76,Carnall2015,2015MNRAS.451L..16C,Venemans2020,2020ApJ...904..130V
J140629.12-011611.20,211.621333,-1.269778,6.33,21.85,-24.93,Matsuoka2018b,2018ApJS..237....5M,Matsuoka2018b,2018ApJS..237....5M
J131608.14+102832.80,199.033917,10.475778,6.329,21.06,-25.72,Wang2019b,2019ApJ...884...30W,Yang2021,2021ApJ...923..262Y
J010013.03+280225.84,15.05428,28.04051,6.3268,17.69,-29.09,Wu2015,2015Natur.518..512W,Venemans2020,2020ApJ...904..130V
J114803.29+070208.33,177.01369,7.035648,6.324,20.35,-26.43,Jiang2016,2016ApJ...833..222J,Farina2022,2022arXiv220705113F
J024550.85+063909.17,41.461866,6.652548,6.321,20.87,-25.91,Belladitta2025,2025A&A...699A.335B,Belladitta2025,2025A&A...699A.335B
J230129.72-153020.38,345.37384,-15.50566,6.32,20.58,-26.2,Martinez-Ramirez2026,2026arXiv260308830M,Martinez-Ramirez2026,2026arXiv260308830M
J093830.24+015405.80,144.626,1.901611,6.31,23.86,-22.91,Matsuoka2022,2022ApJS..259...18M,Matsuoka2022,2022ApJS..259...18M
J133206.46-011325.70,203.026917,-1.223806,6.31,21.74,-25.03,Matsuoka2022,2022ApJS..259...18M,Matsuoka2022,2022ApJS..259...18M
J134014.18+025855.00,205.059083,2.981944,6.31,21.78,-24.99,Matsuoka2025,2025ApJS..280...68M,Matsuoka2025,2025ApJS..280...68M
J103027.10+052455.00,157.61291,5.415278,6.303,19.84,-26.93,Fan2001,2001AJ....122.2833F,Farina2022,2022arXiv220705113F
J114658.89-000537.70,176.745375,-0.093806,6.302,25.31,-21.46,Matsuoka2018b,2018ApJS..237....5M,Matsuoka2025b,2025ApJ...988...57M
J152556.47+385040.28,231.485289,38.844523,6.3,20.47,-26.3,Yang2023,2023ApJS..269...27Y,Yang2023,2023ApJS..269...27Y
J125001.43+015243.20,192.505958,1.878667,6.29,25.1,-21.67,Matsuoka2025,2025ApJS..280...68M,Matsuoka2025,2025ApJS..280...68M
J221858.14+062406.30,334.74225,6.40175,6.29,22.46,-24.31,Matsuoka2025,2025ApJS..280...68M,Matsuoka2025,2025ApJS..280...68M
J143054.67+531520.32,217.727792,53.255644,6.29,21.32,-25.45,Kim2022,2022AJ....164..114K,Kim2022,2022AJ....164..114K
J132905.06+431640.40,202.271083,43.277889,6.29,22.9,-23.87,Matsuoka2025,2025ApJS..280...68M,Matsuoka2025,2025ApJS..280...68M
J142143.29+263157.12,215.430368,26.532534,6.28,20.4,-26.37,Banados2023,2023ApJS..265...29B,Banados2023,2023ApJS..265...29B
J113000.56+142043.97,172.502327,14.345547,6.28,20.98,-25.79,Martinez-Ramirez2026,2026arXiv260308830M,Martinez-Ramirez2026,2026arXiv260308830M
J113007.51+051149.10,172.531292,5.196972,6.27,21.6,-25.16,Matsuoka2025,2025ApJS..280...68M,Matsuoka2025,2025ApJS..280...68M
J133534.37+025702.70,203.893208,2.95075,6.27,22.56,-24.2,Matsuoka2025,2025ApJS..280...68M,Matsuoka2025,2025ApJS..280...68M
J152555.79+430324.00,231.482458,43.056667,6.27,23.15,-23.61,Matsuoka2019a,2019ApJ...883..183M,Matsuoka2019a,2019ApJ...883..183M
J122331.91+025721.50,185.882958,2.955972,6.27,22.5,-24.26,Matsuoka2022,2022ApJS..259...18M,Matsuoka2022,2022ApJS..259...18M
J123026.75+412840.35,187.611477,41.477875,6.27,20.53,-26.23,Yang2023,2023ApJS..269...27Y,Yang2023,2023ApJS..269...27Y
J114648.42+012420.10,176.70175,1.405583,6.27,23.05,-23.71,Matsuoka2018b,2018ApJS..237....5M,Matsuoka2018b,2018ApJS..237....5M
J162331.81+311200.50,245.88254,31.200138,6.2605,20.26,-26.5,Fan2004,2004AJ....128..515F,Wang2011,2011ApJ...739L..34W
J012235.47-003602.40,20.647792,-0.600667,6.26,21.68,-25.08,Matsuoka2022,2022ApJS..259...18M,Matsuoka2022,2022ApJS..259...18M
J111123.42+034039.40,167.847583,3.677611,6.26,24.3,-22.46,Matsuoka2025,2025ApJS..280...68M,Matsuoka2025,2025ApJS..280...68M
J001650.69+034154.10,4.211208,3.698361,6.26,23.12,-23.64,Matsuoka2022,2022ApJS..259...18M,Matsuoka2022,2022ApJS..259...18M
J094624.10-001233.70,146.600417,-0.209361,6.26,23.77,-22.99,Matsuoka2025,2025ApJS..280...68M,Matsuoka2025,2025ApJS..280...68M
J094713.88+034939.80,146.807833,3.827722,6.25,23.99,-22.77,Matsuoka2022,2022ApJS..259...18M,Matsuoka2022,2022ApJS..259...18M
J104320.45+013104.70,160.835208,1.517972,6.25,22.57,-24.19,Matsuoka2022,2022ApJS..259...18M,Matsuoka2022,2022ApJS..259...18M
J014310.24-554510.69,25.79265,-55.75297,6.25,21.11,-25.65,Reed2017,2017MNRAS.468.4702R,Reed2017,2017MNRAS.468.4702R
J084431.60-005254.60,131.131667,-0.881833,6.25,23.02,-23.74,Matsuoka2018a,2018PASJ...70S..35M,Matsuoka2018a,2018PASJ...70S..35M
J203704.37-515240.26,309.26819,-51.87785,6.25,21.01,-25.75,Martinez-Ramirez2026,2026arXiv260308830M,Martinez-Ramirez2026,2026arXiv260308830M
J223947.47+020747.50,339.947792,2.129861,6.2497,22.07,-24.69,Matsuoka2018a,2018PASJ...70S..35M,Izumi2019,2019PASJ...71..111I
J005006.67+344521.65,12.527771,34.756013,6.246,20.11,-26.65,Willott2010a,2010AJ....139..906W,Shen2019,2019ApJ...873...35S
J032340.34-470120.14,50.91808,-47.02226,6.241,20.74,-26.02,Reed2017,2017MNRAS.468.4702R,Eilers2020,2020ApJ...900...37E
J033027.92-402516.36,52.61632,-40.42121,6.239,20.34,-26.42,Reed2017,2017MNRAS.468.4702R,Eilers2020,2020ApJ...900...37E
J203209.99-211402.31,308.04164,-21.233975,6.2355,20.46,-26.3,Banados2016,2016ApJS..227...11B,Venemans2020,2020ApJ...904..130V
J113350.43+481431.50,173.460112,48.242084,6.233,21.63,-25.12,Banados2023;Gloudemans2022,2023ApJS..265...29B;2022A&A...668A..27G,Banados2023,2023ApJS..265...29B
J104311.09+011913.60,160.796208,1.320444,6.23,24.02,-22.73,Matsuoka2022,2022ApJS..259...18M,Matsuoka2022,2022ApJS..259...18M
J131304.72+003542.20,198.269667,0.595056,6.23,24.15,-22.6,Matsuoka2025,2025ApJS..280...68M,Matsuoka2025,2025ApJS..280...68M
J085548.47+073638.37,133.951954,7.610658,6.23,20.92,-25.83,Yang2023,2023ApJS..269...27Y,Yang2023,2023ApJS..269...27Y
J132700.35+014147.70,201.751458,1.696583,6.23,23.39,-23.36,Matsuoka2022,2022ApJS..259...18M,Matsuoka2022,2022ApJS..259...18M
J104845.06+463718.55,162.18777,46.621819,6.2284,19.56,-27.19,Fan2003,2003AJ....125.1649F,Carilli2010,2010ApJ...714..834C
J125845.66-004757.50,194.69025,-0.799306,6.22,23.76,-22.99,Matsuoka2022,2022ApJS..259...18M,Matsuoka2022,2022ApJS..259...18M
J022743.29-060530.20,36.930375,-6.091722,6.212,21.52,-25.23,Willott2009,2009AJ....137.3541W,Shen2019,2019ApJ...873...35S
J033438.16-052557.84,53.658993,-5.432734,6.21,20.82,-25.93,Yang2023,2023ApJS..269...27Y,Yang2023,2023ApJS..269...27Y
J041003.23-441440.70,62.51345,-44.24464,6.21,20.61,-26.14,Reed2017,2017MNRAS.468.4702R,Reed2017,2017MNRAS.468.4702R
J000613.84-793548.12,1.55765,-79.5967,6.21,20.51,-26.24,Martinez-Ramirez2026,2026arXiv260308830M,Martinez-Ramirez2026,2026arXiv260308830M
J084422.57+042353.70,131.094042,4.39825,6.21,23.2,-23.55,Matsuoka2022,2022ApJS..259...18M,Matsuoka2022,2022ApJS..259...18M
J013603.22+022605.00,24.013417,2.434722,6.206,22.15,-24.6,Willott2010a,2010AJ....139..906W,Shen2019,2019ApJ...873...35S
J104429.18+010207.10,161.121583,1.035306,6.2,23.46,-23.29,Matsuoka2022,2022ApJS..259...18M,Matsuoka2022,2022ApJS..259...18M
J121721.34+013142.47,184.338933,1.528464,6.2,21.43,-25.32,Banados2016;Wang2017,2016ApJS..227...11B;2017ApJ...839...27W,Banados2016,2016ApJS..227...11B
J225520.78+050343.30,343.836583,5.062028,6.2,22.31,-24.44,Matsuoka2019a,2019ApJ...883..183M,Matsuoka2019a,2019ApJ...883..183M
J012652.90-305535.84,21.720429,-30.926621,6.2,21.43,-25.32,YangD2024,2024MNRAS.528.2679Y,YangD2024,2024MNRAS.528.2679Y
J151248.71+442217.50,228.202958,44.371528,6.19,24.67,-22.07,Matsuoka2019a,2019ApJ...883..183M,Matsuoka2019a,2019ApJ...883..183M
J091833.17+013923.30,139.638208,1.656472,6.19,23.03,-23.71,Matsuoka2018b,2018ApJS..237....5M,Matsuoka2018b,2018ApJS..237....5M
J040331.90-035508.35,60.882933,-3.918987,6.19,20.54,-26.2,Yang2023,2023ApJS..269...27Y,Yang2023,2023ApJS..269...27Y
J104740.91+041724.30,161.920458,4.290083,6.19,23.31,-23.43,Matsuoka2022,2022ApJS..259...18M,Matsuoka2022,2022ApJS..259...18M
J000233.24+212725.01,0.638496,21.456949,6.19,21.47,-25.27,Yang2023,2023ApJS..269...27Y,Yang2023,2023ApJS..269...27Y
J142952.17+544717.70,217.46737,54.788249,6.19,20.7,-26.04,Willott2010a,2010AJ....139..906W,Khusanova2022,2022A&A...664A..39K
J042138.05-265715.61,65.408537,-26.954335,6.1871,19.53,-27.21,Banados2016,2016ApJS..227...11B,Venemans2020,2020ApJ...904..130V
J084408.61-013216.50,131.035875,-1.537917,6.183,22.77,-23.97,Matsuoka2018b,2018ApJS..237....5M,Matsuoka2025b,2025ApJ...988...57M
J223212.03+001238.40,338.050125,0.210667,6.181,23.93,-22.81,Matsuoka2016,2016ApJ...828...26M,Matsuoka2025b,2025ApJ...988...57M
J142517.72-001540.90,216.323833,-0.261361,6.18,23.3,-23.44,Matsuoka2018a,2018PASJ...70S..35M,Matsuoka2018a,2018PASJ...70S..35M
J184520.68+534547.23,281.336151,53.763119,6.18,20.09,-26.65,Banados2023,2023ApJS..265...29B,Banados2023,2023ApJS..265...29B
J023558.20+043456.80,38.9925,4.582444,6.18,23.09,-23.65,Matsuoka2025,2025ApJS..280...68M,Matsuoka2025,2025ApJS..280...68M
J001630.26-355631.42,4.12608,-35.94206,6.18,20.99,-25.75,Belladitta2025,2025A&A...699A.335B,Belladitta2025,2025A&A...699A.335B
J102047.40+042946.70,155.1975,4.496306,6.18,21.38,-25.36,Matsuoka2022,2022ApJS..259...18M,Matsuoka2022,2022ApJS..259...18M
J235632.45-062259.26,359.135215,-6.383126,6.1722,20.0,-26.74,Banados2016;Wang2016,2016ApJS..227...11B;2016ApJ...819...24W,Eilers2020erratum,2021ApJ...914...74E
J125139.16+023342.20,192.913167,2.561722,6.17,25.21,-21.53,Matsuoka2025,2025ApJS..280...68M,Matsuoka2025,2025ApJS..280...68M
J125456.03-005857.90,193.733458,-0.98275,6.17,23.44,-23.3,Matsuoka2025,2025ApJS..280...68M,Matsuoka2025,2025ApJS..280...68M
J040212.70+245124.43,60.552902,24.856785,6.17,19.85,-26.89,Banados2016,2016ApJS..227...11B,Shen2019,2019ApJ...873...35S
J140147.34+274935.02,210.447244,27.826393,6.166,20.24,-26.5,Banados2016,2016ApJS..227...11B,Shen2019,2019ApJ...873...35S
J022122.71-080251.50,35.344625,-8.047639,6.161,22.09,-24.65,Willott2010a,2010AJ....139..906W,Shen2019,2019ApJ...873...35S
J220132.07+015529.00,330.383625,1.924722,6.16,23.77,-22.97,Matsuoka2018a,2018PASJ...70S..35M,Matsuoka2018a,2018PASJ...70S..35M
J025226.68-023720.72,43.111174,-2.622423,6.16,20.98,-25.76,Banados2023,2023ApJS..265...29B,Banados2023,2023ApJS..265...29B
J093551.64+034847.20,143.965167,3.813111,6.16,22.21,-24.53,Matsuoka2022,2022ApJS..259...18M,Matsuoka2022,2022ApJS..259...18M
J145109.79-044542.12,222.79078,-4.7617,6.16,20.51,-26.23,Martinez-Ramirez2026,2026arXiv260308830M,Martinez-Ramirez2026,2026arXiv260308830M
J114632.66-015438.30,176.636083,-1.910639,6.16,23.31,-23.43,Matsuoka2018b,2018ApJS..237....5M,Matsuoka2018b,2018ApJS..237....5M
J222901.66+145708.30,337.256917,14.952306,6.1517,22.01,-24.72,Willott2010a,2010AJ....139..906W,Willott2015,2015ApJ...801..123W
J221604.36-050017.58,334.018158,-5.004885,6.15,21.07,-25.66,Banados2023,2023ApJS..265...29B,Banados2023,2023ApJS..265...29B
J134733.69-015750.60,206.890375,-1.964056,6.15,22.0,-24.73,Matsuoka2019a,2019ApJ...883..183M,Matsuoka2019a,2019ApJ...883..183M
J154825.40+005015.50,237.105833,0.837639,6.15,21.11,-25.62,Wang2019b,2019ApJ...884...30W,Wang2019b,2019ApJ...884...30W
J083400.88+021146.90,128.503667,2.196361,6.15,22.68,-24.05,Matsuoka2018b,2018ApJS..237....5M,Matsuoka2018b,2018ApJS..237....5M
J084303.76+291113.40,130.765667,29.187056,6.15,20.94,-25.79,Wang2019b,2019ApJ...884...30W,Wang2019b,2019ApJ...884...30W
J090921.50+044042.90,137.339583,4.678583,6.15,21.85,-24.88,Matsuoka2018b,2018ApJS..237....5M,Matsuoka2018b,2018ApJS..237....5M
J115924.01+020041.80,179.850042,2.011611,6.15,24.42,-22.31,Matsuoka2022,2022ApJS..259...18M,Matsuoka2022,2022ApJS..259...18M
J142821.39-160243.30,217.089133,-16.045361,6.1498,19.84,-26.89,Banados2016,2016ApJS..227...11B,Decarli2018,2018ApJ...854...97D
J221917.22+010248.90,334.82175,1.046917,6.1492,24.19,-22.54,Kashikawa2015,2015ApJ...798...28K,Willott2017,2017ApJ...850..108W
J160937.28+304147.73,242.40532,30.696591,6.146,20.41,-26.32,Jiang2016,2016ApJ...833..222J,Shen2019,2019ApJ...873...35S
J231833.10-302933.36,349.63793,-30.4926,6.1456,20.34,-26.39,Banados2023,2023ApJS..265...29B,Venemans2020,2020ApJ...904..130V
J144823.33+433305.90,222.097208,43.551639,6.14,22.37,-24.36,Matsuoka2019a,2019ApJ...883..183M,Matsuoka2019a,2019ApJ...883..183M
J143505.15+044908.32,218.771476,4.818977,6.14,20.83,-25.9,Banados2023,2023ApJS..265...29B,Banados2023,2023ApJS..265...29B
J022223.74+024535.00,35.598917,2.759722,6.14,21.82,-24.91,Matsuoka2022,2022ApJS..259...18M,Matsuoka2022,2022ApJS..259...18M
J011224.59-011557.30,18.102458,-1.265917,6.14,22.84,-23.89,Matsuoka2022,2022ApJS..259...18M,Matsuoka2022,2022ApJS..259...18M
J082813.42+263355.57,127.0559,26.565437,6.14,20.52,-26.21,Banados2023,2023ApJS..265...29B,Banados2023,2023ApJS..265...29B
J135818.89-013249.70,209.578708,-1.547139,6.14,24.55,-22.18,Matsuoka2025,2025ApJS..280...68M,Matsuoka2025,2025ApJS..280...68M
J143140.45-072443.47,217.918533,-7.412074,6.14,20.44,-26.29,Banados2016,2016ApJS..227...11B,Banados2016,2016ApJS..227...11B
J133740.18+434557.60,204.417417,43.766,6.14,23.62,-23.11,Matsuoka2025,2025ApJS..280...68M,Matsuoka2025,2025ApJS..280...68M
J020719.59+023826.00,31.831625,2.640556,6.139,26.5,-20.23,Matsuoka2025,2025ApJS..280...68M,Matsuoka2025b,2025ApJ...988...57M
J125051.93+313021.90,192.71637,31.506083,6.138,20.26,-26.47,Fan2006a,2006AJ....131.1203F,Shen2019,2019ApJ...873...35S
J131911.30+095051.49,199.79709,9.847637,6.1347,19.74,-26.99,Mortlock2009,2009A&A...505...97M,Venemans2020,2020ApJ...904..130V
J155635.50+334142.49,239.147931,33.695137,6.13,20.97,-25.76,Yang2023,2023ApJS..269...27Y,Yang2023,2023ApJS..269...27Y
J112746.08+022231.50,171.942,2.375417,6.13,23.51,-23.22,Matsuoka2022,2022ApJS..259...18M,Matsuoka2022,2022ApJS..259...18M
J151657.87+422852.90,229.241125,42.481361,6.13,22.38,-24.35,Matsuoka2019a,2019ApJ...883..183M,Matsuoka2019a,2019ApJ...883..183M
J000133.30+000605.40,0.38875,0.1015,6.13,23.01,-23.72,Matsuoka2019a,2019ApJ...883..183M,Matsuoka2019a,2019ApJ...883..183M
J143510.65-105325.12,218.79436,-10.89031,6.13,21.21,-25.52,Martinez-Ramirez2026,2026arXiv260308830M,Martinez-Ramirez2026,2026arXiv260308830M
J150019.17-055832.67,225.079881,-5.97574,6.13,20.97,-25.76,Yang2023,2023ApJS..269...27Y,Yang2023,2023ApJS..269...27Y
J032021.44-352104.13,50.089335,-35.351148,6.13,20.36,-26.37,Ighina2023;YangD2024,2023MNRAS.519.2060I;2024MNRAS.528.2679Y,Ighina2023,2023MNRAS.519.2060I
J125437.08-001410.70,193.6545,-0.236306,6.13,25.82,-20.91,Matsuoka2019a,2019ApJ...883..183M,Matsuoka2025b,2025ApJ...988...57M
J144001.30-010702.20,220.005417,-1.117278,6.13,24.14,-22.59,Matsuoka2018a,2018PASJ...70S..35M,Matsuoka2018a,2018PASJ...70S..35M
J022336.97-015636.10,35.904042,-1.943361,6.13,23.73,-23.0,Matsuoka2025,2025ApJS..280...68M,Matsuoka2025,2025ApJS..280...68M
J142331.71-001809.10,215.882125,-0.302528,6.127,24.85,-21.88,Matsuoka2018a,2018PASJ...70S..35M,Matsuoka2025b,2025ApJ...988...57M
J042201.00-192728.69,65.504147,-19.457969,6.1247,20.16,-26.57,Banados2016,2016ApJS..227...11B,Decarli2018,2018ApJ...854...97D
J150941.78-174926.80,227.42408,-17.824111,6.1225,19.64,-27.09,Willott2007,2007AJ....134.2435W,Decarli2018,2018ApJ...854...97D
J141305.38+035829.90,213.272417,3.974972,6.12,23.27,-23.46,Matsuoka2025,2025ApJS..280...68M,Matsuoka2025,2025ApJS..280...68M
J004440.97-370710.34,11.17069,-37.11954,6.12,20.72,-26.01,Belladitta2025,2025A&A...699A.335B,Belladitta2025,2025A&A...699A.335B
J105642.67+041902.10,164.177792,4.31725,6.12,25.14,-21.59,Matsuoka2025,2025ApJS..280...68M,Matsuoka2025,2025ApJS..280...68M
J231546.57-002358.10,348.94404,-0.399472,6.12,21.12,-25.61,Jiang2008,2008AJ....135.1057J,Jiang2008,2008AJ....135.1057J
J233429.70+050217.00,353.62375,5.038056,6.12,21.58,-25.15,Matsuoka2022,2022ApJS..259...18M,Matsuoka2022,2022ApJS..259...18M
J225205.44+022531.90,343.022667,2.425528,6.12,23.99,-22.74,Matsuoka2018b,2018ApJS..237....5M,Matsuoka2018b,2018ApJS..237....5M
J222718.58-332335.02,336.82741,-33.393061,6.12,21.32,-25.41,Banados2023,2023ApJS..265...29B,Banados2023,2023ApJS..265...29B
J095139.01+021952.00,147.912542,2.331111,6.12,25.2,-21.53,Matsuoka2022,2022ApJS..259...18M,Matsuoka2022,2022ApJS..259...18M
J104119.15+200824.00,160.329792,20.14,6.12,20.65,-26.08,Wang2019b,2019ApJ...884...30W,Wang2019b,2019ApJ...884...30W
J001247.71+033716.90,3.198792,3.621361,6.12,21.59,-25.14,Matsuoka2022,2022ApJS..259...18M,Matsuoka2022,2022ApJS..259...18M
J002334.65+034223.20,5.894375,3.706444,6.12,22.73,-24.0,Matsuoka2022,2022ApJS..259...18M,Matsuoka2022,2022ApJS..259...18M
J142738.59+331242.00,216.91079,33.211666,6.118,20.68,-26.05,McGreer2006;Stern2007,2006ApJ...652..157M;2007ApJ...663..677S,Khusanova2022,2022A&A...664A..39K
J120859.23-020034.80,182.246792,-2.009667,6.1165,22.02,-24.7,Matsuoka2018a,2018PASJ...70S..35M,Izumi2019,2019PASJ...71..111I
J155850.99-072409.59,239.712461,-7.402664,6.1102,19.32,-27.4,Banados2016,2016ApJS..227...11B,Eilers2020erratum,2021ApJ...914...74E
J160213.88+350330.93,240.557815,35.058591,6.11,21.08,-25.64,Yang2023,2023ApJS..269...27Y,Yang2023,2023ApJS..269...27Y
J144946.78+331943.28,222.444918,33.32869,6.11,21.07,-25.65,Yang2023,2023ApJS..269...27Y,Yang2023,2023ApJS..269...27Y
J133204.89+110208.95,203.02036,11.03582,6.11,20.74,-25.98,Martinez-Ramirez2026,2026arXiv260308830M,Martinez-Ramirez2026,2026arXiv260308830M
J103734.52+003750.80,159.393833,0.630778,6.11,23.79,-22.93,Matsuoka2022,2022ApJS..259...18M,Matsuoka2022,2022ApJS..259...18M
J022215.99-012534.40,35.566625,-1.426222,6.11,24.06,-22.66,Matsuoka2025,2025ApJS..280...68M,Matsuoka2025,2025ApJS..280...68M
J020038.83-021052.00,30.161792,-2.181111,6.11,25.29,-21.43,Matsuoka2025,2025ApJS..280...68M,Matsuoka2025,2025ApJS..280...68M
J032123.06-292857.16,50.34609,-29.482544,6.1,21.26,-25.46,YangD2024,2024MNRAS.528.2679Y,YangD2024,2024MNRAS.528.2679Y
J000445.81-004944.30,1.190875,-0.828972,6.1,22.82,-23.9,Matsuoka2019a,2019ApJ...883..183M,Matsuoka2019a,2019ApJ...883..183M
J000930.89+325212.93,2.378699,32.870258,6.1,21.13,-25.59,Banados2016,2016ApJS..227...11B,Banados2016,2016ApJS..227...11B
J172355.13+185745.19,260.979719,18.962554,6.1,21.07,-25.65,DESIDR1,2025arXiv250314745D,DESIDR1,2025arXiv250314745D
J030947.49+271757.38,47.447875,27.299273,6.1,20.96,-25.76,Belladitta2020,2020A&A...635L...7B,Khusanova2022,2022A&A...664A..39K
J132535.14+012947.20,201.396417,1.496444,6.1,23.28,-23.44,Matsuoka2025,2025ApJS..280...68M,Matsuoka2025,2025ApJS..280...68M
J020236.24+030033.60,30.651,3.009333,6.1,23.43,-23.29,Matsuoka2025,2025ApJS..280...68M,Matsuoka2025,2025ApJS..280...68M
J140646.88-014402.60,211.695333,-1.734056,6.1,23.35,-23.37,Matsuoka2018b,2018ApJS..237....5M,Matsuoka2018b,2018ApJS..237....5M
J102841.66+001755.90,157.173583,0.298861,6.1,21.78,-24.94,Matsuoka2022,2022ApJS..259...18M,Matsuoka2022,2022ApJS..259...18M
J090138.13+290655.54,135.408892,29.115429,6.1,20.51,-26.21,YangD2024,2024MNRAS.528.2679Y,YangD2024,2024MNRAS.528.2679Y
J040009.17-654400.67,60.03819,-65.73352,6.1,20.71,-26.01,Belladitta2025,2025A&A...699A.335B,Belladitta2025,2025A&A...699A.335B
J221644.47-001650.10,334.185292,-0.280583,6.0962,22.9,-23.82,Matsuoka2016,2016ApJ...828...26M,Izumi2018,2018PASJ...70...36I
J023542.42-053241.60,38.92675,-5.544889,6.0901,23.71,-23.01,Matsuoka2018a,2018PASJ...70S..35M,Harikane2020,2020ApJ...896...93H
J011428.92+254642.57,18.620481,25.778493,6.09,20.54,-26.18,Yang2023,2023ApJS..269...27Y,Yang2023,2023ApJS..269...27Y
J103511.29-051537.91,158.797046,-5.26053,6.09,20.08,-26.64,Martinez-Ramirez2026,2026arXiv260308830M,Martinez-Ramirez2026,2026arXiv260308830M
J020033.30-173725.97,30.138733,-17.623879,6.09,21.1,-25.62,Banados2023,2023ApJS..265...29B,Banados2023,2023ApJS..265...29B
J133846.93-005339.50,204.695542,-0.894306,6.09,24.03,-22.69,Matsuoka2025,2025ApJS..280...68M,Matsuoka2025,2025ApJS..280...68M
J032214.55-184117.47,50.560605,-18.688185,6.09,20.45,-26.27,Banados2023;Ighina2023,2023ApJS..265...29B;2023MNRAS.519.2060I,Banados2023,2023ApJS..265...29B
J131609.75+003553.60,199.040625,0.598222,6.09,23.21,-23.51,Matsuoka2025,2025ApJS..280...68M,Matsuoka2025,2025ApJS..280...68M
J020801.31-664713.70,32.00547,-66.78714,6.09,20.12,-26.6,Martinez-Ramirez2026,2026arXiv260308830M,Martinez-Ramirez2026,2026arXiv260308830M
J210054.62-171522.50,315.22758,-17.256249,6.0807,21.22,-25.5,Willott2010a,2010AJ....139..906W,Venemans2020,2020ApJ...904..130V
J222847.71+015240.50,337.198792,1.877917,6.0805,22.72,-24.0,Matsuoka2018a,2018PASJ...70S..35M,Izumi2019,2019PASJ...71..111I
J221845.73-630356.63,334.69056,-63.06573,6.08,20.89,-25.83,Belladitta2025,2025A&A...699A.335B,Belladitta2025,2025A&A...699A.335B
J201119.03-443609.40,302.82931,-44.60261,6.08,20.9,-25.82,Martinez-Ramirez2026,2026arXiv260308830M,Martinez-Ramirez2026,2026arXiv260308830M
J160253.98+422824.90,240.72491,42.473583,6.079,19.83,-26.89,Fan2004,2004AJ....128..515F,Shen2019,2019ApJ...873...35S
J030331.40-001912.90,45.880833,-0.32025,6.079,21.21,-25.51,Jiang2008,2008AJ....135.1057J,DeRosa2011,2011ApJ...739...56D
J155523.95+101401.56,238.849796,10.233766,6.078741226,20.86,-25.85,DESIDR1,2025arXiv250314745D,DESIDR1,2025arXiv250314745D
J084229.43+121850.50,130.622625,12.314028,6.0754,19.86,-26.85,Jiang2015,2015AJ....149..188J,Venemans2020,2020ApJ...904..130V
J093543.32-011033.30,143.9305,-1.175917,6.075,24.75,-21.96,Matsuoka2019a,2019ApJ...883..183M,Matsuoka2025b,2025ApJ...988...57M
J050411.90-254958.65,76.049582,-25.832959,6.072,20.82,-25.89,Wolf2024,2024A&A...691A..30W,Wolf2024,2024A&A...691A..30W
J133014.01-402508.94,202.55836,-40.41915,6.07,20.08,-26.63,Martinez-Ramirez2026,2026arXiv260308830M,Martinez-Ramirez2026,2026arXiv260308830M
J091114.27+015219.40,137.809458,1.872056,6.07,24.62,-22.09,Matsuoka2018a,2018PASJ...70S..35M,Matsuoka2018a,2018PASJ...70S..35M
J042011.34-445323.75,65.04727,-44.88993,6.07,20.46,-26.25,Reed2017,2017MNRAS.468.4702R,Reed2017,2017MNRAS.468.4702R
J091457.06+102826.96,138.73775,10.474155,6.07,21.23,-25.48,Yang2023,2023ApJS..269...27Y,Yang2023,2023ApJS..269...27Y
J141653.01+014702.20,214.220875,1.783944,6.07,23.44,-23.27,Matsuoka2018b,2018ApJS..237....5M,Matsuoka2018b,2018ApJS..237....5M
J155909.09+221214.43,239.787883,22.204009,6.07,20.88,-25.83,Wang2017,2017ApJ...839...27W,Wang2017,2017ApJ...839...27W
J110248.67-010550.90,165.702792,-1.097472,6.07,22.71,-24.0,Matsuoka2022,2022ApJS..259...18M,Matsuoka2022,2022ApJS..259...18M
J111027.01+022800.70,167.612542,2.466861,6.07,23.15,-23.56,Matsuoka2022,2022ApJS..259...18M,Matsuoka2022,2022ApJS..259...18M
J103758.18+403328.74,159.492416,40.557984,6.07,21.46,-25.25,Gloudemans2022,2022A&A...668A..27G,Gloudemans2022,2022A&A...668A..27G
J103446.51-142515.89,158.693789,-14.421079,6.0685,19.39,-27.32,Chehade2018;Banados2023,2018MNRAS.478.1649C;2023ApJS..265...29B,Eilers2020,2020ApJ...900...37E
J163033.90+401209.60,247.64125,40.202666,6.063,20.57,-26.14,Fan2003,2003AJ....125.1649F,Shen2019,2019ApJ...873...35S
J165051.75+545701.38,252.715642,54.950382,6.06,20.15,-26.56,Gloudemans2022,2022A&A...668A..27G,Gloudemans2022,2022A&A...668A..27G
J110756.01-011819.00,166.983375,-1.305278,6.06,21.6,-25.11,Matsuoka2022,2022ApJS..259...18M,Matsuoka2022,2022ApJS..259...18M
J010603.68-003015.20,16.515333,-0.504222,6.06,23.18,-23.53,Matsuoka2019a,2019ApJ...883..183M,Matsuoka2019a,2019ApJ...883..183M
J120103.02+013356.40,180.262583,1.565667,6.06,22.86,-23.85,Matsuoka2018a,2018PASJ...70S..35M,Matsuoka2018a,2018PASJ...70S..35M
J145520.26+031833.00,223.834417,3.309167,6.06,22.89,-23.82,Matsuoka2022,2022ApJS..259...18M,Matsuoka2022,2022ApJS..259...18M
J134021.30+031939.20,205.08875,3.327556,6.06,23.84,-22.87,Matsuoka2025,2025ApJS..280...68M,Matsuoka2025,2025ApJS..280...68M
J045401.79-444831.10,73.50744,-44.80864,6.0581,20.36,-26.35,Reed2015,2015MNRAS.454.3952R,Decarli2018,2018ApJ...854...97D
J035349.72+010404.40,58.457166,1.067889,6.057,20.34,-26.37,Jiang2008,2008AJ....135.1057J,Shen2019,2019ApJ...873...35S
J121503.42-014858.77,183.764262,-1.816325,6.0561,nan,nan,Matsuoka2024,2024ApJ...965L...4M,Izumi2024,2024ApJ...972..116I
J015812.02+002436.10,29.550083,0.410028,6.05,23.38,-23.33,Matsuoka2025,2025ApJS..280...68M,Matsuoka2025,2025ApJS..280...68M
J001705.78+004343.30,4.274083,0.728694,6.05,24.8,-21.91,Matsuoka2025,2025ApJS..280...68M,Matsuoka2025,2025ApJS..280...68M
J005938.24-520945.73,14.909345,-52.162702,6.05,21.0,-25.71,Martinez-Ramirez2026,2026arXiv260308830M,Martinez-Ramirez2026,2026arXiv260308830M
J095740.39+005333.60,149.418292,0.892667,6.05,23.72,-22.99,Matsuoka2018b,2018ApJS..237....5M,Matsuoka2018b,2018ApJS..237....5M
J193207.62+713908.46,293.031771,71.652349,6.05,19.85,-26.86,Banados2016,2016ApJS..227...11B,Banados2016,2016ApJS..227...11B
J055945.47-153500.20,89.939445,-15.58339,6.05,19.83,-26.88,Banados2016,2016ApJS..227...11B,Banados2016,2016ApJS..227...11B
J222309.51+032620.30,335.789625,3.438972,6.05,21.51,-25.2,Matsuoka2018b,2018ApJS..237....5M,Matsuoka2018b,2018ApJS..237....5M
J020415.74+001534.50,31.065583,0.259583,6.05,22.55,-24.16,Matsuoka2022,2022ApJS..259...18M,Matsuoka2022,2022ApJS..259...18M
J115900.87+025819.20,179.753625,2.972,6.05,23.89,-22.82,Matsuoka2025,2025ApJS..280...68M,Matsuoka2025,2025ApJS..280...68M
J220754.87+065111.80,331.978625,6.853278,6.05,22.27,-24.44,Matsuoka2025,2025ApJS..280...68M,Matsuoka2025,2025ApJS..280...68M
J231802.80-024634.00,349.51166,-2.776111,6.05,21.66,-25.05,Willott2009,2009AJ....137.3541W,Willott2009,2009AJ....137.3541W
J164121.64+375520.50,250.34016,37.922361,6.047,21.09,-25.62,Willott2007,2007AJ....134.2435W,Willott2010b,2010AJ....140..546W
J121503.55-014859.30,183.764792,-1.816472,6.0446,nan,nan,Matsuoka2024,2024ApJ...965L...4M,Izumi2024,2024ApJ...972..116I
J140028.79-001151.50,210.119958,-0.197639,6.04,23.75,-22.95,Matsuoka2018b,2018ApJS..237....5M,Matsuoka2018b,2018ApJS..237....5M
J131448.69+031106.40,198.702875,3.185111,6.04,23.78,-22.92,Matsuoka2025,2025ApJS..280...68M,Matsuoka2025,2025ApJS..280...68M
J142920.22-000207.40,217.33425,-0.035389,6.04,23.28,-23.42,Matsuoka2018a,2018PASJ...70S..35M,Matsuoka2018a,2018PASJ...70S..35M
J140029.99-012521.00,210.124958,-1.4225,6.04,23.0,-23.7,Matsuoka2018b,2018ApJS..237....5M,Matsuoka2018b,2018ApJS..237....5M
J090744.63+113832.80,136.935959,11.642445,6.04,20.72,-25.98,Yang2023,2023ApJS..269...27Y,Yang2023,2023ApJS..269...27Y
J140254.66+402403.20,210.72773,40.400888,6.04,20.9,-25.8,Banados2016,2016ApJS..227...11B,Banados2016,2016ApJS..227...11B
J160349.07+551032.30,240.954458,55.175639,6.04,24.12,-22.58,Kashikawa2015,2015ApJ...798...28K,Kashikawa2015,2015ApJ...798...28K
J205406.49-000514.80,313.52704,-0.087444,6.0389,20.55,-26.15,Jiang2008,2008AJ....135.1057J,Venemans2020,2020ApJ...904..130V
J120737.44+063010.37,181.90601,6.502881,6.0366,20.13,-26.57,Jiang2015,2015AJ....149..188J,Decarli2018,2018ApJ...854...97D
J130608.26+035626.30,196.53441,3.940639,6.033,19.94,-26.76,Fan2001,2001AJ....122.2833F,Venemans2020,2020ApJ...904..130V
J223842.31+235731.77,339.676286,23.958824,6.03,20.32,-26.38,Yang2023,2023ApJS..269...27Y,Yang2023,2023ApJS..269...27Y
J141612.71+001546.20,214.052958,0.262833,6.03,24.31,-22.39,Matsuoka2018a,2018PASJ...70S..35M,Matsuoka2018a,2018PASJ...70S..35M
J020258.21-025153.60,30.742542,-2.864889,6.03,23.31,-23.39,Matsuoka2018a,2018PASJ...70S..35M,Matsuoka2018a,2018PASJ...70S..35M
J010718.87+002724.20,16.828625,0.456722,6.03,22.7,-24.0,Matsuoka2022,2022ApJS..259...18M,Matsuoka2022,2022ApJS..259...18M
J132308.18+012619.20,200.784083,1.438667,6.03,23.74,-22.96,Matsuoka2022,2022ApJS..259...18M,Matsuoka2022,2022ApJS..259...18M
J040819.23-563228.82,62.08012,-56.54134,6.03,20.19,-26.51,Reed2017,2017MNRAS.468.4702R,Reed2017,2017MNRAS.468.4702R
J143905.32+032356.00,219.772167,3.398889,6.03,23.93,-22.77,Matsuoka2025,2025ApJS..280...68M,Matsuoka2025,2025ApJS..280...68M
J020611.20-025537.80,31.546667,-2.927167,6.03,21.79,-24.91,Matsuoka2018a,2018PASJ...70S..35M,Matsuoka2018a,2018PASJ...70S..35M
J015957.97-363356.60,29.991548,-36.565723,6.027,19.75,-26.95,Carnall2015,2015MNRAS.451L..16C,Chehade2018,2018MNRAS.478.1649C
J221556.63+260629.43,333.985969,26.108174,6.027,20.31,-26.39,Banados2016,2016ApJS..227...11B,Shen2019,2019ApJ...873...35S
J174343.15+412450.21,265.929804,41.413948,6.0263,20.76,-25.94,Banados2023,2023ApJS..265...29B,Eilers2020,2020ApJ...900...37E
J141728.67+011712.40,214.369458,1.286778,6.02,23.87,-22.83,Matsuoka2018a,2018PASJ...70S..35M,Matsuoka2018a,2018PASJ...70S..35M
J023551.42+013932.30,38.96425,1.658972,6.02,21.12,-25.58,Matsuoka2022,2022ApJS..259...18M,Matsuoka2022,2022ApJS..259...18M
J115112.33+333632.98,177.801358,33.609162,6.02,21.47,-25.23,Yang2023,2023ApJS..269...27Y,Yang2023,2023ApJS..269...27Y
J120253.13+025630.80,180.721375,2.941889,6.02,23.92,-22.78,Matsuoka2022,2022ApJS..259...18M,Matsuoka2022,2022ApJS..259...18M
J003311.40-012524.90,8.2975,-1.423583,6.019,21.64,-25.06,Willott2007,2007AJ....134.2435W,Shen2019,2019ApJ...873...35S
J120754.14-000553.30,181.975583,-0.098139,6.01,23.93,-22.77,Matsuoka2016,2016ApJ...828...26M,Matsuoka2016,2016ApJ...828...26M
J090254.87+015510.90,135.728625,1.919694,6.01,24.19,-22.51,Matsuoka2018a,2018PASJ...70S..35M,Matsuoka2018a,2018PASJ...70S..35M
J015158.79+043325.60,27.994958,4.557111,6.01,23.69,-23.01,Matsuoka2025,2025ApJS..280...68M,Matsuoka2025,2025ApJS..280...68M
J222827.83+012809.50,337.115958,1.469306,6.01,24.05,-22.65,Matsuoka2016,2016ApJ...828...26M,Matsuoka2016,2016ApJ...828...26M
J124642.21+051048.90,191.675875,5.18025,6.01,22.33,-24.37,Matsuoka2025,2025ApJS..280...68M,Matsuoka2025,2025ApJS..280...68M
J121905.34+005037.50,184.77225,0.84375,6.01,22.85,-23.85,Matsuoka2018b,2018ApJS..237....5M,Matsuoka2018b,2018ApJS..237....5M
J142611.33-012822.80,216.547208,-1.473,6.01,22.95,-23.75,Matsuoka2019a,2019ApJ...883..183M,Matsuoka2019a,2019ApJ...883..183M
J021627.81-045534.10,34.115875,-4.926139,6.01,24.27,-22.43,Willott2009,2009AJ....137.3541W,Willott2009,2009AJ....137.3541W
J011830.06+023642.10,19.62525,2.611694,6.01,23.0,-23.7,Matsuoka2025,2025ApJS..280...68M,Matsuoka2025,2025ApJS..280...68M
J113717.73+354956.90,174.32387,35.832472,6.007,19.4,-27.3,Fan2006a,2006AJ....131.1203F,Shen2019,2019ApJ...873...35S
J005502.92+014617.80,13.762167,1.771611,6.006,21.94,-24.76,Willott2009,2009AJ....137.3541W,Willott2015,2015ApJ...801..123W
J003856.52-102553.90,9.735508,-10.431639,6.004,20.2,-26.5,Banados2016,2016ApJS..227...11B,Venemans2020,2020ApJ...904..130V
J231038.88+185519.70,347.662,18.922138,6.0031,18.95,-27.75,Jiang2016,2016ApJ...833..222J,Wang2013,2013ApJ...773...44W
J002806.56+045725.68,7.027332,4.957134,6.0015,20.11,-26.58,Banados2014;Jiang2015,2014AJ....148...14B;2015AJ....149..188J,Venemans2020,2020ApJ...904..130V
J081827.40+172251.80,124.61416,17.381055,6.001,19.24,-27.45,Fan2006a,2006AJ....131.1203F,Zhu2023,2023ApJ...955..115Z
J131830.28+051231.70,199.626167,5.208806,6.0,22.43,-24.26,Matsuoka2025,2025ApJS..280...68M,Matsuoka2025,2025ApJS..280...68M
J225002.01-501542.16,342.50837,-50.26171,6.0,19.89,-26.8,Reed2017,2017MNRAS.468.4702R,Reed2017,2017MNRAS.468.4702R
J024426.27-351033.17,41.109443,-35.175882,6.0,20.7,-25.99,YangD2024,2024MNRAS.528.2679Y,YangD2024,2024MNRAS.528.2679Y
J111125.15+064055.12,167.8548,6.681978,6.0,21.46,-25.23,YangD2024;Martinez-Ramirez2026,2024MNRAS.528.2679Y;2026arXiv260308830M,YangD2024,2024MNRAS.528.2679Y
J023152.96-285020.08,37.970657,-28.838911,6.0,20.52,-26.17,Banados2014,2014AJ....148...14B,Banados2016,2016ApJS..227...11B
J020029.51+194538.99,30.122971,19.760831,6.0,20.72,-25.97,Yang2023,2023ApJS..269...27Y,Yang2023,2023ApJS..269...27Y
J003658.18+034313.20,9.242417,3.720333,6.0,23.4,-23.29,Matsuoka2025,2025ApJS..280...68M,Matsuoka2025,2025ApJS..280...68M
J115006.96+021131.00,177.529,2.191944,6.0,22.12,-24.57,Matsuoka2022,2022ApJS..259...18M,Matsuoka2022,2022ApJS..259...18M
J110301.66+011845.70,165.756917,1.312694,6.0,23.16,-23.53,Matsuoka2022,2022ApJS..259...18M,Matsuoka2022,2022ApJS..259...18M
J224025.71+073044.13,340.107122,7.512259,5.998,20.85,-25.84,Yang2023,2023ApJS..269...27Y,Yang2023,2023ApJS..269...27Y
J234216.88+050856.79,355.570327,5.149107,5.998,21.1,-25.59,Yang2023,2023ApJS..269...27Y,Yang2023,2023ApJS..269...27Y
J224049.00-183943.81,340.20417,-18.66217,5.995,20.34,-26.35,Banados2014,2014AJ....148...14B,Banados2016,2016ApJS..227...11B
J004623.65-283747.34,11.598521,-28.629817,5.991,21.34,-25.35,Banados2023,2023ApJS..265...29B,Farina2022,2022arXiv220705113F
J021140.52-170428.77,32.91883,-17.074659,5.99,20.89,-25.8,Banados2023,2023ApJS..265...29B,Banados2023,2023ApJS..265...29B
J142421.11+040512.10,216.087958,4.086694,5.99,22.16,-24.53,Matsuoka2025,2025ApJS..280...68M,Matsuoka2025,2025ApJS..280...68M
J120914.93+532748.07,182.312192,53.463353,5.99,21.05,-25.64,Banados2023,2023ApJS..265...29B,Banados2023,2023ApJS..265...29B
J110746.24+041101.20,166.942667,4.183667,5.99,23.51,-23.18,Matsuoka2022,2022ApJS..259...18M,Matsuoka2022,2022ApJS..259...18M
J085813.51+000057.10,134.556292,0.015861,5.99,21.41,-25.28,Matsuoka2018b,2018ApJS..237....5M,Matsuoka2018b,2018ApJS..237....5M
J031649.87-134032.30,49.207791,-13.675638,5.99,21.84,-24.85,Willott2010a,2010AJ....139..906W,Willott2010a,2010AJ....139..906W
J012257.70-460914.20,20.740417,-46.153944,5.986,20.18,-26.51,Byrne2024,2024MNRAS.530..870B,Byrne2024,2024MNRAS.530..870B
J015804.14-290519.25,29.51726,-29.08868,5.984,19.42,-27.27,Banados2016,2016ApJS..227...11B,Banados2016,2016ApJS..227...11B
J003426.00+105106.69,8.608337,10.851858,5.98,20.62,-26.07,Banados2023,2023ApJS..265...29B,Banados2023,2023ApJS..265...29B
J140744.78+370112.50,211.936586,37.02014,5.98,21.26,-25.43,Yang2023,2023ApJS..269...27Y,Yang2023,2023ApJS..269...27Y
J003604.19+040912.00,9.017458,4.153333,5.98,23.64,-23.05,Matsuoka2025,2025ApJS..280...68M,Matsuoka2025,2025ApJS..280...68M
J023811.54+040416.50,39.548083,4.07125,5.98,22.02,-24.67,Matsuoka2025,2025ApJS..280...68M,Matsuoka2025,2025ApJS..280...68M
J235651.58+002333.30,359.21491,0.392583,5.98,22.19,-24.5,Jiang2009,2009AJ....138..305J,Shen2019,2019ApJ...873...35S
J014837.63+060020.08,27.156808,6.005579,5.98,19.35,-27.34,Jiang2015,2015AJ....149..188J,Becker2015,2015MNRAS.447.3402B
J103148.40+091253.46,157.951686,9.21485,5.98,20.98,-25.71,Yang2023,2023ApJS..269...27Y,Yang2023,2023ApJS..269...27Y
J121049.12+013426.70,182.704667,1.574083,5.97,24.09,-22.6,Matsuoka2019a,2019ApJ...883..183M,Matsuoka2019a,2019ApJ...883..183M
J093424.61-215308.16,143.602524,-21.885599,5.97,20.55,-26.14,Belladitta2025,2025A&A...699A.335B,Belladitta2025,2025A&A...699A.335B
J124359.03+032253.80,190.995958,3.381611,5.97,24.44,-22.25,Matsuoka2022,2022ApJS..259...18M,Matsuoka2022,2022ApJS..259...18M
J034652.04-162836.88,56.71685,-16.47691,5.9676,20.03,-26.66,Banados2016,2016ApJS..227...11B,Eilers2020,2020ApJ...900...37E
J230735.35+003149.40,346.89729,0.530389,5.96,21.44,-25.24,Jiang2009,2009AJ....138..305J,Shen2019,2019ApJ...873...35S
J010044.78+042211.50,15.186583,4.369861,5.96,22.95,-23.73,Matsuoka2022,2022ApJS..259...18M,Matsuoka2022,2022ApJS..259...18M
J191435.44+631452.54,288.647671,63.247929,5.96,20.64,-26.04,Banados2023,2023ApJS..265...29B,Banados2023,2023ApJS..265...29B
J012031.64+004226.70,20.131833,0.707417,5.96,23.6,-23.08,Matsuoka2025,2025ApJS..280...68M,Matsuoka2025,2025ApJS..280...68M
J084119.52+290504.42,130.33133,29.08456,5.954,20.24,-26.44,Goto2006,2006MNRAS.371..769G,Shen2019,2019ApJ...873...35S
J010250.64-021809.90,15.710999,-2.30275,5.95,22.14,-24.54,Willott2009,2009AJ....137.3541W,Willott2009,2009AJ....137.3541W
J040407.83-044134.84,61.032644,-4.693012,5.95,21.17,-25.51,Yang2023,2023ApJS..269...27Y,Yang2023,2023ApJS..269...27Y
J110953.44+565707.64,167.472659,56.952122,5.95,20.74,-25.94,Banados2016,2016ApJS..227...11B,Banados2016,2016ApJS..227...11B
J222843.54+011032.20,337.18141,1.175611,5.95,22.2,-24.48,Zeimann2011,2011ApJ...736...57Z,Zeimann2011,2011ApJ...736...57Z
J174800.51+224652.38,267.002116,22.781216,5.95,21.04,-25.64,Banados2016,2016ApJS..227...11B,Banados2016,2016ApJS..227...11B
J125714.14+103330.35,194.308915,10.558431,5.95,20.54,-26.14,YangD2024;Martinez-Ramirez2026,2024MNRAS.528.2679Y;2026arXiv260308830M,YangD2024,2024MNRAS.528.2679Y
J125757.47+634937.20,194.489458,63.827,5.95,20.48,-26.2,Jiang2015,2015AJ....149..188J,Shen2019,2019ApJ...873...35S
J101505.59+000223.00,153.773292,0.039722,5.95,22.55,-24.13,Matsuoka2022,2022ApJS..259...18M,Matsuoka2022,2022ApJS..259...18M
J000019.33-181409.64,0.08054,-18.236011,5.95,21.52,-25.16,Banados2023,2023ApJS..265...29B,Banados2023,2023ApJS..265...29B
J000645.36-284042.05,1.688995,-28.678347,5.95,21.07,-25.61,Banados2023,2023ApJS..265...29B,Banados2023,2023ApJS..265...29B
J060352.26-392335.78,90.96775,-39.393272,5.941,20.85,-25.83,Byrne2024,2024MNRAS.530..870B,Byrne2024,2024MNRAS.530..870B
J031710.42-263315.71,49.293428,-26.554364,5.94,20.91,-25.77,Banados2016,2016ApJS..227...11B,Banados2016,2016ApJS..227...11B
J141439.54+013036.50,213.66475,1.510139,5.94,23.15,-23.53,Matsuoka2018a,2018PASJ...70S..35M,Matsuoka2018a,2018PASJ...70S..35M
J114156.14+100636.90,175.48392,10.11025,5.94,21.1,-25.58,Martinez-Ramirez2026,2026arXiv260308830M,Martinez-Ramirez2026,2026arXiv260308830M
J091121.61+005146.10,137.840042,0.862806,5.94,23.51,-23.17,Matsuoka2022,2022ApJS..259...18M,Matsuoka2022,2022ApJS..259...18M
J234836.96-003437.00,357.154,-0.576944,5.94,22.63,-24.05,Matsuoka2022,2022ApJS..259...18M,Matsuoka2022,2022ApJS..259...18M
J000825.77-062604.42,2.10739,-6.43456,5.93,20.41,-26.27,Banados2016,2016ApJS..227...11B,Banados2016,2016ApJS..227...11B
J050456.27-105316.09,76.234459,-10.887802,5.93,20.55,-26.13,Banados2023,2023ApJS..265...29B,Banados2023,2023ApJS..265...29B
J102204.62+063142.91,155.519268,6.528587,5.93,21.36,-25.32,Yang2023,2023ApJS..269...27Y,Yang2023,2023ApJS..269...27Y
J121516.88+002324.74,183.82033,0.390206,5.93,21.28,-25.4,Venemans2015b,2015MNRAS.453.2259V,Venemans2015b,2015MNRAS.453.2259V
J130518.55+030437.50,196.327292,3.077083,5.93,22.15,-24.52,Matsuoka2025,2025ApJS..280...68M,Matsuoka2025,2025ApJS..280...68M
J085116.20+300936.69,132.817493,30.16019,5.93,21.18,-25.5,Yang2023,2023ApJS..269...27Y,Yang2023,2023ApJS..269...27Y
J120246.37-005701.70,180.693208,-0.950472,5.9289,23.85,-22.83,Matsuoka2016,2016ApJ...828...26M,Izumi2018,2018PASJ...70...36I
J220417.92+011144.80,331.074667,1.195778,5.926,22.68,-23.99,Kim2015,2015ApJ...813L..35K,Kim2015,2015ApJ...813L..35K
J151444.91+211419.84,228.687124,21.238843,5.92,20.61,-26.06,Banados2016,2016ApJS..227...11B,Banados2016,2016ApJS..227...11B
J091828.65+194045.00,139.619375,19.679167,5.92,20.76,-25.91,Wang2019b,2019ApJ...884...30W,Wang2019b,2019ApJ...884...30W
J234901.28+005640.90,357.255333,0.944694,5.92,22.88,-23.79,Matsuoka2022,2022ApJS..259...18M,Matsuoka2022,2022ApJS..259...18M
J205321.77+004706.80,313.3407,0.785222,5.92,21.44,-25.23,Jiang2009,2009AJ....138..305J,Jiang2009,2009AJ....138..305J
J093000.85+005738.40,142.503542,0.960667,5.92,21.76,-24.91,Matsuoka2019a,2019ApJ...883..183M,Matsuoka2019a,2019ApJ...883..183M
J133611.60-011929.60,204.048333,-1.324889,5.92,22.73,-23.94,Matsuoka2025,2025ApJS..280...68M,Matsuoka2025,2025ApJS..280...68M
J071346.31+085532.65,108.442942,8.925737,5.92,19.14,-27.53,Banados2016,2016ApJS..227...11B,Banados2016,2016ApJS..227...11B
J090314.68+021128.30,135.811167,2.191194,5.92,23.47,-23.2,Matsuoka2018a,2018PASJ...70S..35M,Matsuoka2018a,2018PASJ...70S..35M
J105928.61-090620.40,164.8692,-9.105667,5.92,20.86,-25.81,Willott2010a,2010AJ....139..906W,Willott2010a,2010AJ....139..906W
J141327.12-223342.25,213.36299,-22.561737,5.92,19.88,-26.79,Banados2014,2014AJ....148...14B,Banados2016,2016ApJS..227...11B
J215456.16-093027.46,328.733997,-9.507627,5.92,20.38,-26.29,Banados2016,2016ApJS..227...11B,Banados2016,2016ApJS..227...11B
J125630.97+253251.45,194.129033,25.547624,5.91,20.9,-25.77,Banados2016,2016ApJS..227...11B,Banados2016,2016ApJS..227...11B
J090328.91-135001.27,135.870457,-13.833686,5.91,20.86,-25.81,Banados2016,2016ApJS..227...11B,Banados2016,2016ApJS..227...11B
J172751.01+601952.38,261.962556,60.331217,5.91,20.33,-26.34,Yang2023,2023ApJS..269...27Y,Yang2023,2023ApJS..269...27Y
J162818.46+142332.81,247.076928,14.392447,5.91,20.99,-25.68,Yang2023,2023ApJS..269...27Y,Yang2023,2023ApJS..269...27Y
J143335.22+281950.44,218.396749,28.330678,5.91,20.82,-25.85,Banados2023,2023ApJS..265...29B,Banados2023,2023ApJS..265...29B
J161819.77+552654.00,244.582375,55.448333,5.91,22.41,-24.26,Matsuoka2019a,2019ApJ...883..183M,Matsuoka2019a,2019ApJ...883..183M
J141111.29+121737.40,212.79704,12.293722,5.903,20.03,-26.64,Fan2004,2004AJ....128..515F,DeRosa2011,2011ApJ...739...56D
J133550.81+353315.80,203.9617,35.554388,5.9012,20.05,-26.62,Fan2006a,2006AJ....131.1203F,Carilli2010,2010ApJ...714..834C
J131258.66+010902.10,198.244417,1.150583,5.9,23.03,-23.64,Matsuoka2022,2022ApJS..259...18M,Matsuoka2022,2022ApJS..259...18M
J015237.93-312023.99,28.158042,-31.339997,5.9,21.18,-25.49,YangD2024,2024MNRAS.528.2679Y,YangD2024,2024MNRAS.528.2679Y
J232914.46-040324.10,352.31025,-4.056694,5.9,22.07,-24.6,Willott2009,2009AJ....137.3541W,Willott2009,2009AJ....137.3541W
J211824.97-105557.43,319.60403,-10.93262,5.9,20.0,-26.67,Banados2016,2016ApJS..227...11B,Banados2016,2016ApJS..227...11B
J022029.72-043204.00,35.123833,-4.534444,5.9,24.5,-22.17,Matsuoka2018b,2018ApJS..237....5M,Matsuoka2018b,2018ApJS..237....5M
J142307.21-022519.00,215.780042,-2.421944,5.9,22.41,-24.26,Matsuoka2019a,2019ApJ...883..183M,Matsuoka2019a,2019ApJ...883..183M
J121311.81-124603.45,183.29919,-12.767624,5.899,19.22,-27.45,Banados2014,2014AJ....148...14B,Zhu2023,2023ApJ...955..115Z
J142516.30+325409.00,216.31792,32.9025,5.8918,20.25,-26.42,Cool2006,2006AJ....132..823C,Carilli2010,2010ApJ...714..834C
J142200.23+001103.00,215.500958,0.184167,5.89,23.87,-22.79,Matsuoka2018b,2018ApJS..237....5M,Matsuoka2018b,2018ApJS..237....5M
J025040.58-025502.82,42.66909,-2.91745,5.89,20.13,-26.53,Banados2016,2016ApJS..227...11B,Banados2016,2016ApJS..227...11B
J044407.73-043333.07,71.032214,-4.559187,5.89,20.12,-26.54,Banados2016,2016ApJS..227...11B,Banados2016,2016ApJS..227...11B
J231507.41-285617.43,348.78089,-28.938175,5.89,21.31,-25.35,Banados2023,2023ApJS..265...29B,Banados2023,2023ApJS..265...29B
J230610.54-012458.40,346.543917,-1.416222,5.89,22.74,-23.92,Matsuoka2022,2022ApJS..259...18M,Matsuoka2022,2022ApJS..259...18M
J122913.21+041927.70,187.30503,4.324362,5.89,21.1,-25.56,Banados2014,2014AJ....148...14B,Banados2014,2014AJ....148...14B
J083525.76+321752.62,128.857325,32.29795,5.89,20.9,-25.76,Jiang2016,2016ApJ...833..222J,Jiang2016,2016ApJ...833..222J
J102232.14+023041.90,155.633917,2.511639,5.89,22.57,-24.09,Matsuoka2022,2022ApJS..259...18M,Matsuoka2022,2022ApJS..259...18M
J131732.73+012741.60,199.386375,1.461556,5.88,22.27,-24.39,Matsuoka2022,2022ApJS..259...18M,Matsuoka2022,2022ApJS..259...18M
J050344.56-073022.07,75.93566,-7.50613,5.88,20.1,-26.56,Banados2016,2016ApJS..227...11B,Banados2016,2016ApJS..227...11B
J103137.69-023935.67,157.907036,-2.659907,5.88,20.28,-26.38,Banados2016,2016ApJS..227...11B,Banados2016,2016ApJS..227...11B
J155524.25-065351.59,238.851034,-6.897663,5.88,20.65,-26.01,Banados2016,2016ApJS..227...11B,Banados2023,2023ApJS..265...29B
J224237.55+033421.60,340.65645,3.572667,5.88,22.2,-24.46,Willott2010a,2010AJ....139..906W,Willott2010a,2010AJ....139..906W
J140319.13+090250.99,210.829704,9.047498,5.88,20.3,-26.36,Banados2016;Jiang2015,2016ApJS..227...11B;2015AJ....149..188J,Banados2016,2016ApJS..227...11B
J033550.53-154744.50,53.960524,-15.795694,5.87,20.47,-26.19,Banados2016,2016ApJS..227...11B,Banados2016,2016ApJS..227...11B
J211951.89-004020.10,319.9662,-0.67225,5.87,21.93,-24.73,Jiang2016,2016ApJ...833..222J,Jiang2016,2016ApJ...833..222J
J085048.25+324647.90,132.701042,32.779972,5.87,19.98,-26.68,Jiang2015,2015AJ....149..188J,Jiang2015,2015AJ....149..188J
J223148.89-003547.50,337.953708,-0.596528,5.87,23.99,-22.67,Matsuoka2018b,2018ApJS..237....5M,Matsuoka2018b,2018ApJS..237....5M
J114143.06+711925.07,175.429408,71.323631,5.86,20.71,-25.95,Banados2023,2023ApJS..265...29B,Banados2023,2023ApJS..265...29B
J120923.99-000646.50,182.349958,-0.112917,5.86,24.15,-22.51,Matsuoka2018b,2018ApJS..237....5M,Matsuoka2018b,2018ApJS..237....5M
J032835.51-325322.84,52.147942,-32.889678,5.86,20.05,-26.61,Venemans2015b,2015MNRAS.453.2259V,Venemans2015b,2015MNRAS.453.2259V
J000552.34-000655.80,1.468083,-0.1155,5.851,20.98,-25.67,Fan2004,2004AJ....128..515F,Zhu2023,2023ApJ...955..115Z
J082907.62+030356.56,127.28174,3.06571,5.85,20.68,-25.97,Banados2016,2016ApJS..227...11B,Banados2016,2016ApJS..227...11B
J124340.81+252923.88,190.92003,25.489967,5.85,20.62,-26.03,Banados2014;Jiang2016,2014AJ....148...14B;2016ApJ...833..222J,Jiang2016,2016ApJ...833..222J
J140001.31+554619.33,210.005458,55.772036,5.85,23.4,-23.25,Kim2022,2022AJ....164..114K,Kim2022,2022AJ....164..114K
J143611.74+500706.90,219.04891,50.118583,5.85,20.15,-26.5,Fan2006a,2006AJ....131.1203F,Carilli2010,2010ApJ...714..834C
J133004.59+041231.06,202.519119,4.208629,5.848163134,21.23,-25.42,DESIDR1,2025arXiv250314745D,DESIDR1,2025arXiv250314745D
J013201.70-021603.11,23.0071,-2.26753,5.848,20.27,-26.38,Banados2016,2016ApJS..227...11B,Zhu2023,2023ApJ...955..115Z
J160945.53-125854.11,242.43971,-12.981697,5.8468,19.78,-26.87,Banados2016,2016ApJS..227...11B,Zhu2023,2023ApJ...955..115Z
J084035.09+562419.90,130.1462,56.405527,5.8441,19.46,-27.19,Fan2006a,2006AJ....131.1203F,Wang2010,2010ApJ...714..699W
J014057.03-114059.48,25.23764,-11.68319,5.8414,19.84,-26.81,Banados2016,2016ApJS..227...11B,Zhu2023,2023ApJ...955..115Z
J095355.90+691052.62,148.482937,69.181284,5.84,20.19,-26.46,Banados2023,2023ApJS..265...29B,Banados2023,2023ApJS..265...29B
J100716.49-161107.97,151.818693,-16.185546,5.84,21.45,-25.2,Banados2023,2023ApJS..265...29B,Banados2023,2023ApJS..265...29B
J155000.93+431802.80,237.503875,43.300778,5.84,23.79,-22.86,Matsuoka2018b,2018ApJS..237....5M,Matsuoka2018b,2018ApJS..237....5M
J202524.31-044921.88,306.351275,-4.822745,5.84,20.71,-25.94,Banados2023,2023ApJS..265...29B,Banados2023,2023ApJS..265...29B
J140329.33-120034.14,210.87222,-12.009482,5.84,20.88,-25.77,Banados2014,2014AJ....148...14B,Banados2014,2014AJ....148...14B
J131052.75+253206.68,197.719801,25.535188,5.84,20.7,-25.95,Banados2016,2016ApJS..227...11B,Banados2016,2016ApJS..227...11B
J175622.57+634839.51,269.094046,63.810975,5.84,21.18,-25.47,Yang2023,2023ApJS..269...27Y,Yang2023,2023ApJS..269...27Y
J083955.36+001554.21,129.98065,0.265058,5.84,21.34,-25.31,Venemans2015b,2015MNRAS.453.2259V,Venemans2015b,2015MNRAS.453.2259V
J114833.18+005642.26,177.13825,0.945072,5.84,21.86,-24.79,Venemans2015b,2015MNRAS.453.2259V,Venemans2015b,2015MNRAS.453.2259V
J223238.89+015059.18,338.162037,1.849774,5.84,21.32,-25.33,Yang2023,2023ApJS..269...27Y,Yang2023,2023ApJS..269...27Y
J114338.33+380828.72,175.909725,38.141311,5.8356,20.01,-26.64,Jiang2016,2016ApJ...833..222J,Eilers2020,2020ApJ...900...37E
J042350.15+014324.79,65.958954,1.723553,5.8348,20.08,-26.57,Banados2023,2023ApJS..265...29B,Zhu2023,2023ApJ...955..115Z
J232936.84-152014.46,352.403485,-15.33735,5.832,21.05,-25.6,Banados2018b,2018ApJ...861L..14B,Rojas2021,2021ApJ...920..150R
J140911.38-155911.66,212.297434,-15.986572,5.83,21.27,-25.38,Banados2016,2016ApJS..227...11B,Banados2016,2016ApJS..227...11B
J023858.09-031845.40,39.742042,-3.312611,5.83,22.71,-23.94,Matsuoka2019a,2019ApJ...883..183M,Matsuoka2019a,2019ApJ...883..183M
J115414.26-121117.48,178.559413,-12.188189,5.83,20.6,-26.05,Banados2016,2016ApJS..227...11B,Banados2016,2016ApJS..227...11B
J220107.61+233837.95,330.281724,23.643874,5.83,20.41,-26.24,Gloudemans2022,2022A&A...668A..27G,Gloudemans2022,2022A&A...668A..27G
J081054.32+510540.05,122.726317,51.094458,5.82,19.88,-26.77,Jiang2016,2016ApJ...833..222J,Banados2016,2016ApJS..227...11B
J154850.54+430602.75,237.210569,43.100765,5.82,21.36,-25.29,Yang2023,2023ApJS..269...27Y,Yang2023,2023ApJS..269...27Y
J125424.73+363932.35,193.603042,36.658985,5.82,21.46,-25.19,Yang2023,2023ApJS..269...27Y,Yang2023,2023ApJS..269...27Y
J000232.92+131433.71,0.637157,13.242698,5.82,21.3,-25.35,Yang2023,2023ApJS..269...27Y,Yang2023,2023ApJS..269...27Y
J154509.90+163631.94,236.291247,16.608873,5.82,20.82,-25.83,Banados2016,2016ApJS..227...11B,Banados2016,2016ApJS..227...11B
J154346.82+170028.54,235.945084,17.007929,5.82,20.17,-26.48,Banados2016,2016ApJS..227...11B,Banados2016,2016ApJS..227...11B
J023930.24-004505.40,39.876,-0.7515,5.82,22.16,-24.49,Jiang2009,2009AJ....138..305J,Jiang2009,2009AJ....138..305J
J000239.39+255034.80,0.664125,25.842999,5.817,19.39,-27.25,Fan2004,2004AJ....128..515F,Shen2019,2019ApJ...873...35S
J001734.47+170510.70,4.393613,17.086304,5.8166,20.69,-25.95,Banados2016,2016ApJS..227...11B,Eilers2020,2020ApJ...900...37E
J113910.09-121704.38,174.792041,-12.284549,5.81,20.2,-26.44,Banados2016,2016ApJS..227...11B,Banados2016,2016ApJS..227...11B
J135106.72-211120.27,207.778005,-21.188964,5.81,20.69,-25.95,Banados2023,2023ApJS..265...29B,Banados2023,2023ApJS..265...29B
J214755.41+010755.30,326.98087,1.132028,5.81,21.33,-25.31,Jiang2009,2009AJ....138..305J,Jiang2009,2009AJ....138..305J
J235118.96+062406.96,357.828983,6.401932,5.81,21.41,-25.23,Banados2016,2016ApJS..227...11B,Banados2016,2016ApJS..227...11B
J153655.48+081724.98,234.231172,8.290273,5.808839878,21.42,-25.22,DESIDR1,2025arXiv250314745D,DESIDR1,2025arXiv250314745D
J083643.85+005453.30,129.1827,0.914806,5.805,18.95,-27.69,Fan2001,2001AJ....122.2833F,Zhu2023,2023ApJ...955..115Z
J081600.78+125956.20,124.003267,12.998944,5.8,21.05,-25.59,Banados2023,2023ApJS..265...29B,Banados2023,2023ApJS..265...29B
J010816.60-115931.01,17.069174,-11.991946,5.8,20.7,-25.94,Banados2023,2023ApJS..265...29B,Banados2023,2023ApJS..265...29B
J203103.26-051145.20,307.763576,-5.195888,5.8,20.86,-25.78,Banados2023,2023ApJS..265...29B,Banados2023,2023ApJS..265...29B
J203355.91-273854.60,308.48297,-27.6485,5.798,19.91,-26.73,Banados2016,2016ApJS..227...11B,Zhu2023,2023ApJ...955..115Z
J125335.82-024655.33,193.399241,-2.782035,5.7969,21.21,-25.43,Banados2023,2023ApJS..265...29B,Banados2023,2023ApJS..265...29B
J050222.31-341158.25,75.592959,-34.199513,5.793,21.38,-25.26,Wolf2024,2024A&A...691A..30W,Wolf2024,2024A&A...691A..30W
J012541.12-255256.24,21.421338,-25.882288,5.79,19.61,-27.03,Banados2016,2016ApJS..227...11B,Banados2016,2016ApJS..227...11B
J104433.04-012502.20,161.13767,-1.417278,5.7846,19.31,-27.33,Fan2000,2000AJ....120.1167F,Venemans2020,2020ApJ...904..130V
J142036.34-160230.25,215.15143,-16.041735,5.7834,19.13,-27.51,Morganson2012,2012AJ....143..142M,Li2024,2024ApJ...962..119L
J033428.46-061408.13,53.61857,-6.235593,5.78,21.09,-25.54,Yang2023,2023ApJS..269...27Y,Yang2023,2023ApJS..269...27Y
J141455.90-132849.28,213.732922,-13.480354,5.78,21.0,-25.63,Banados2016,2016ApJS..227...11B,Banados2016,2016ApJS..227...11B
J111921.65+011308.60,169.840208,1.219056,5.78,21.06,-25.57,Wang2019b,2019ApJ...884...30W,Wang2019b,2019ApJ...884...30W
J161435.36+011444.80,243.647317,1.245777,5.78,19.74,-26.89,Yang2019a,2019ApJ...871..199Y,Yang2019a,2019ApJ...871..199Y
J154552.08+602824.00,236.467013,60.473332,5.78,19.04,-27.59,Wang2016,2016ApJ...819...24W,Wang2016,2016ApJ...819...24W
J022456.75-343523.00,36.236471,-34.589722,5.78,21.77,-24.86,Banados2023,2023ApJS..265...29B,Banados2023,2023ApJS..265...29B
J012958.51-003539.70,22.493791,-0.594361,5.7788,22.8,-23.83,Jiang2009,2009AJ....138..305J,Venemans2020,2020ApJ...904..130V
J092721.82+200123.70,141.84091,20.023249,5.7722,19.93,-26.7,Fan2006a,2006AJ....131.1203F,Carilli2007,2007ApJ...666L...9C
J122825.15-023339.25,187.10479,-2.560903,5.77,20.88,-25.75,Banados2016,2016ApJS..227...11B,Banados2016,2016ApJS..227...11B
J232514.24+262847.60,351.309333,26.479889,5.77,19.41,-27.22,Wang2016,2016ApJ...819...24W,Wang2016,2016ApJ...819...24W
J115936.82+060305.76,179.903403,6.051601,5.77,21.27,-25.36,Yang2023,2023ApJS..269...27Y,Yang2023,2023ApJS..269...27Y
J135731.81-084301.73,209.382561,-8.717147,5.77,21.44,-25.19,Banados2023,2023ApJS..265...29B,Banados2023,2023ApJS..265...29B
J113316.77-065644.90,173.319861,-6.945805,5.77,20.66,-25.97,Banados2023,2023ApJS..265...29B,Banados2023,2023ApJS..265...29B
J000009.99-041626.09,0.041636,-4.273915,5.77,20.79,-25.84,Banados2023,2023ApJS..265...29B,Banados2023,2023ApJS..265...29B
J112842.48+265312.00,172.177019,26.886668,5.77,20.78,-25.85,Banados2016,2016ApJS..227...11B,Banados2016,2016ApJS..227...11B
J163752.18+024158.40,249.467406,2.699555,5.76,19.54,-27.09,Wenzl2021,2021AJ....162...72W,Wenzl2021,2021AJ....162...72W
J172429.93+371821.78,261.124702,37.306051,5.76,21.03,-25.6,Banados2023,2023ApJS..265...29B,Banados2023,2023ApJS..265...29B
J151448.71+012252.25,228.702938,1.381181,5.76,21.38,-25.25,Banados2023,2023ApJS..265...29B,Banados2023,2023ApJS..265...29B
J045019.81-075330.61,72.582533,-7.891836,5.75,20.97,-25.66,Banados2023,2023ApJS..265...29B,Banados2023,2023ApJS..265...29B
J085906.70+051315.73,134.777921,5.221037,5.75,21.41,-25.22,Yang2023,2023ApJS..269...27Y,Yang2023,2023ApJS..269...27Y
J102547.19+385726.37,156.446617,38.957326,5.75,19.85,-26.78,Banados2023,2023ApJS..265...29B,Banados2023,2023ApJS..265...29B
J000121.63+265009.18,0.34012,26.835883,5.75,19.52,-27.11,Banados2016,2016ApJS..227...11B,Banados2016,2016ApJS..227...11B
J180546.93+491824.20,271.445555,49.306722,5.74,20.38,-26.24,Banados2023,2023ApJS..265...29B,Banados2023,2023ApJS..265...29B
J132741.33+573238.43,201.922208,57.544008,5.74,20.63,-25.99,Banados2016,2016ApJS..227...11B,Banados2016,2016ApJS..227...11B
J223844.22+414019.60,339.68425,41.67211,5.73,18.77,-27.85,Davies2026,2026arXiv260310135D,Davies2026,2026arXiv260310135D
J075622.37+021820.17,119.093203,2.305602,5.73,20.42,-26.2,Banados2023,2023ApJS..265...29B,Banados2023,2023ApJS..265...29B
J152330.66+293539.67,230.877738,29.594354,5.73,20.17,-26.45,Wenzl2021,2021AJ....162...72W,Wenzl2021,2021AJ....162...72W
J222423.09+094850.48,336.096226,9.814021,5.73,21.05,-25.57,Yang2023,2023ApJS..269...27Y,Yang2023,2023ApJS..269...27Y
J212328.88-242137.44,320.87033,-24.3604,5.73,20.46,-26.16,Banados2016,2016ApJS..227...11B,Banados2016,2016ApJS..227...11B
J111633.75+585322.04,169.140616,58.889455,5.73,20.59,-26.03,Banados2023,2023ApJS..265...29B,Banados2023,2023ApJS..265...29B
J020332.38+001229.06,30.88493,0.208073,5.72,20.42,-26.2,Venemans2007,2007MNRAS.376L..76V,Mortlock2009,2009A&A...505...97M
J135649.41-264230.23,209.205856,-26.708397,5.72,19.49,-27.13,Banados2016,2016ApJS..227...11B,Banados2016,2016ApJS..227...11B
J003725.76-080708.46,9.357329,-8.119017,5.72,20.16,-26.46,Banados2016,2016ApJS..227...11B,Banados2016,2016ApJS..227...11B
J034141.86-004812.74,55.424404,-0.80354,5.7183,20.29,-26.33,Banados2015,2015ApJ...804..118B,Mazzucchelli2025,2025A&A...694A.171M
J090132.65+161506.84,135.38604,16.251899,5.7183,20.74,-25.88,Banados2015,2015ApJ...804..118B,Mazzucchelli2025,2025A&A...694A.171M
J202040.85-621509.19,305.170194,-62.252554,5.718,19.3,-27.32,Wolf2024,2024A&A...691A..30W,Wolf2024,2024A&A...691A..30W
J230341.02-542730.74,345.920933,-54.458538,5.711,19.56,-27.06,Wolf2024,2024A&A...691A..30W,Wolf2024,2024A&A...691A..30W
J224357.80+061816.10,340.990833,6.304472,5.71,23.15,-23.46,Matsuoka2025,2025ApJS..280...68M,Matsuoka2025,2025ApJS..280...68M
J112143.65-071839.69,170.431881,-7.311026,5.71,20.21,-26.4,Yang2019a,2019ApJ...871..199Y,Yang2019a,2019ApJ...871..199Y
J181307.05+385016.44,273.27936,38.8379,5.71,20.87,-25.74,Belladitta2025,2025A&A...699A.335B,Belladitta2025,2025A&A...699A.335B
J162100.92+515548.79,245.25383,51.93022,5.71,19.54,-27.07,Jiang2016,2016ApJ...833..222J,Jiang2016,2016ApJ...833..222J
J114816.21+525339.30,177.06754,52.89425,5.7,22.47,-24.14,Mahabal2005,2005ApJ...634L...9M,Mahabal2005,2005ApJ...634L...9M
J131927.52+010156.30,199.86465,1.032305,5.7,21.55,-25.06,YangD2024,2024MNRAS.528.2679Y,YangD2024,2024MNRAS.528.2679Y
J133556.24-032838.20,203.984318,-3.477279,5.699,18.91,-27.7,Yang2017,2017AJ....153..184Y,Zhu2023,2023ApJ...955..115Z
J130523.43+152323.64,196.347625,15.389901,5.69,20.44,-26.17,Banados2023,2023ApJS..265...29B,Banados2023,2023ApJS..265...29B
J135023.61+374835.67,207.59836,37.809909,5.69,20.76,-25.85,Banados2023;Gloudemans2022,2023ApJS..265...29B;2022A&A...668A..27G,Banados2023,2023ApJS..265...29B
J044548.18-021959.84,71.45075,-2.33329,5.69,19.13,-27.48,Banados2016,2016ApJS..227...11B,Banados2016,2016ApJS..227...11B
J114138.20-201555.65,175.409184,-20.265458,5.69,20.35,-26.26,Banados2016,2016ApJS..227...11B,Banados2016,2016ApJS..227...11B
J113414.23+082853.32,173.559283,8.481478,5.69,20.27,-26.34,Yang2017,2017AJ....153..184Y,Yang2017,2017AJ....153..184Y
J001915.38-241756.98,4.81408,-24.29916,5.68,19.43,-27.18,Banados2016,2016ApJS..227...11B,Banados2016,2016ApJS..227...11B
J023245.94-183424.61,38.191402,-18.573503,5.68,20.57,-26.04,Banados2023,2023ApJS..265...29B,Banados2023,2023ApJS..265...29B
J030044.18-223227.19,45.184082,-22.540885,5.68,20.41,-26.2,Banados2014,2014AJ....148...14B,Banados2016,2016ApJS..227...11B
J115329.59+283027.11,178.37331,28.50753,5.68,19.84,-26.77,Banados2023,2023ApJS..265...29B,Banados2023,2023ApJS..265...29B
J162015.28-001152.30,245.063677,-0.19786,5.68,21.39,-25.22,Banados2016,2016ApJS..227...11B,Banados2016,2016ApJS..227...11B
J024003.82+173244.93,40.015917,17.545815,5.68,20.85,-25.76,Banados2016,2016ApJS..227...11B,Banados2016,2016ApJS..227...11B
J213937.49-031527.18,324.906202,-3.25755,5.660928037,20.02,-26.58,DESIDR1,2025arXiv250314745D,DESIDR1,2025arXiv250314745D
J144128.70+502239.40,220.369583,50.377611,5.66,19.43,-27.17,Wagenweld2022,2022A&A...660A..22W,Wagenweld2022,2022A&A...660A..22W
J113218.15+003800.10,173.075625,0.633361,5.66,23.42,-23.18,Matsuoka2019a,2019ApJ...883..183M,Matsuoka2019a,2019ApJ...883..183M
J114946.45+074850.63,177.443522,7.814065,5.66,20.27,-26.33,Yang2017,2017AJ....153..184Y,Yang2017,2017AJ....153..184Y
J131128.20+454814.72,197.867498,45.80409,5.66,20.87,-25.73,Banados2023,2023ApJS..265...29B,Banados2023,2023ApJS..265...29B
J203721.27-453748.80,309.338625,-45.630222,5.643,20.18,-26.42,Yue2021,2021ApJ...921L..27Y,Yue2021,2021ApJ...921L..27Y
J001010.30+030347.57,2.542922,3.063213,5.64,20.92,-25.67,Banados2023,2023ApJS..265...29B,Banados2023,2023ApJS..265...29B
J101637.71+254131.99,154.157107,25.692218,5.64,18.86,-27.73,Yang2017,2017AJ....153..184Y,Yang2017,2017AJ....153..184Y
J203721.26-453747.50,309.338583,-45.629861,5.636,20.6,-25.99,Yue2021,2021ApJ...921L..27Y,Yue2021,2021ApJ...921L..27Y
J003414.35+375954.00,8.559792,37.998333,5.63,20.15,-26.44,Yang2019a,2019ApJ...871..199Y,Yang2019a,2019ApJ...871..199Y
J015745.45+300110.68,29.439375,30.019633,5.63,19.1,-27.49,Yang2019a,2019ApJ...871..199Y,Yang2019a,2019ApJ...871..199Y
J113308.78+160355.79,173.286603,16.065498,5.6253,19.17,-27.42,Yang2017,2017AJ....153..184Y,ZhuY2024RN,2024RNAAS...8..284Z
J134731.84+301050.55,206.882646,30.180707,5.624891944,20.0,-26.59,DESIDR1,2025arXiv250314745D,DESIDR1,2025arXiv250314745D
J061624.38-133806.40,94.101574,-13.63511,5.6234,19.52,-27.07,Yang2019a,2019ApJ...871..199Y,Yang2019a,2019ApJ...871..199Y
J091207.64+665846.95,138.031823,66.979707,5.62,20.16,-26.43,Gloudemans2022,2022A&A...668A..27G,Gloudemans2022,2022A&A...668A..27G
J222018.49-010146.89,335.07704,-1.029691,5.62,20.66,-25.93,McGreer2013,2013ApJ...768..105M,McGreer2013,2013ApJ...768..105M
J010744.40+040429.92,16.935013,4.074977,5.61,21.36,-25.23,Yang2023,2023ApJS..269...27Y,Yang2023,2023ApJS..269...27Y
J104836.74+333947.66,162.153083,33.663239,5.61,19.58,-27.01,Yang2019a,2019ApJ...871..199Y,Yang2019a,2019ApJ...871..199Y
J092935.77-112137.61,142.399025,-11.360447,5.61,20.6,-25.99,Banados2023,2023ApJS..265...29B,Banados2023,2023ApJS..265...29B
J214239.27-012000.30,325.663641,-1.333417,5.61,20.26,-26.33,Yang2017,2017AJ....153..184Y,Yang2017,2017AJ....153..184Y
J020916.93-562650.44,32.320529,-56.447344,5.606,20.83,-25.76,Wolf2024,2024A&A...691A..30W,Wolf2024,2024A&A...691A..30W
J145836.16+101249.65,224.650677,10.213792,5.6,19.68,-26.9,Banados2023,2023ApJS..265...29B,Banados2023,2023ApJS..265...29B
J232713.22+000547.92,351.805083,0.096644,5.591,22.13,-24.45,Shin2022,2022JKAS...55..131S,Shin2022,2022JKAS...55..131S
J141602.78-080804.67,214.011599,-8.134632,5.59,20.12,-26.46,DESIDR1,2025arXiv250314745D,DESIDR1,2025arXiv250314745D
J032615.70-061358.06,51.565414,-6.232795,5.587,19.83,-26.75,DESIDR1,2025arXiv250314745D,DESIDR1,2025arXiv250314745D
J010806.60+071120.67,17.0275,7.189076,5.58,19.2,-27.38,Yang2017,2017AJ....153..184Y,Zhu2023,2023ApJ...955..115Z
J101155.54-013052.69,152.981424,-1.514636,5.58,21.19,-25.39,Ighina2024,2024A&A...687A.242I,Ighina2024,2024A&A...687A.242I
J224741.16+092535.32,341.921492,9.426476,5.577,20.99,-25.59,Yang2023,2023ApJS..269...27Y,Yang2023,2023ApJS..269...27Y
J165042.26+161721.50,252.67608,16.289307,5.5769,19.31,-27.27,Yang2019a,2019ApJ...871..199Y,Zhu2023,2023ApJ...955..115Z
J225742.91+224817.32,344.428772,22.804811,5.573917936,20.4,-26.18,DESIDR1,2025arXiv250314745D,DESIDR1,2025arXiv250314745D
J150036.84+281603.04,225.15349,28.26751,5.5727,18.97,-27.61,Yang2019a,2019ApJ...871..199Y,Zhu2023,2023ApJ...955..115Z
J152712.86+064121.91,231.803583,6.689418,5.57,19.71,-26.86,Yang2017,2017AJ....153..184Y,Yang2017,2017AJ....153..184Y
J083558.88+321631.19,128.99533,32.27533,5.57,20.65,-25.92,Yang2023,2023ApJS..269...27Y,Yang2023,2023ApJS..269...27Y
J020228.53-170827.75,30.618886,-17.141042,5.57,19.24,-27.33,Ighina2024,2024A&A...687A.242I,Ighina2024,2024A&A...687A.242I
J155209.47-002311.64,238.039462,-0.386566,5.56,21.17,-25.4,Yang2023,2023ApJS..269...27Y,Yang2023,2023ApJS..269...27Y
J231738.25+224409.63,349.409382,22.736009,5.558,19.17,-27.4,Yang2019a,2019ApJ...871..199Y,Zhu2023,2023ApJ...955..115Z
J044555.73-095746.07,71.482215,-9.962796,5.557,20.66,-25.91,Yang2023,2023ApJS..269...27Y,Yang2023,2023ApJS..269...27Y
J123606.05+465725.14,189.025227,46.956982,5.55,19.33,-27.24,Yang2019a,2019ApJ...871..199Y,Yang2019a,2019ApJ...871..199Y
J100614.61-031030.49,151.560878,-3.175137,5.55,19.67,-26.9,Yang2017,2017AJ....153..184Y,Yang2017,2017AJ....153..184Y
J080255.09+163915.23,120.729529,16.654231,5.545322556,20.23,-26.34,DESIDR1,2025arXiv250314745D,DESIDR1,2025arXiv250314745D
J075745.90-000201.09,119.441232,-0.033637,5.54,19.93,-26.64,Yang2019a,2019ApJ...871..199Y,Yang2019a,2019ApJ...871..199Y
J131326.06-261721.83,198.358593,-26.289398,5.54,19.32,-27.25,Yang2019a,2019ApJ...871..199Y,Yang2019a,2019ApJ...871..199Y
J114432.93-032530.48,176.137226,-3.425134,5.537,20.08,-26.49,Yang2023,2023ApJS..269...27Y,Yang2023,2023ApJS..269...27Y
J142729.70+352209.00,216.87375,35.369167,5.53,21.89,-24.67,Cool2006,2006AJ....132..823C,Cool2006,2006AJ....132..823C
J112858.70-055045.84,172.244578,-5.846066,5.53,20.51,-26.05,Yang2023,2023ApJS..269...27Y,Yang2023,2023ApJS..269...27Y
J220710.12-041656.28,331.792177,-4.2823,5.5297,18.91,-27.65,Wang2016,2016ApJ...819...24W,Zhu2023,2023ApJ...955..115Z
J131440.41+543237.22,198.668378,54.543672,5.52,19.35,-27.21,Yang2019a,2019ApJ...871..199Y,Yang2019a,2019ApJ...871..199Y
J142215.60-053849.87,215.565012,-5.647186,5.51,20.6,-25.96,Yang2023,2023ApJS..269...27Y,Yang2023,2023ApJS..269...27Y
J105951.14+773813.70,164.963069,77.637138,5.51,18.7,-27.85,Davies2026,2026arXiv260310135D,Davies2026,2026arXiv260310135D
J081833.27+354419.93,124.638644,35.738869,5.51,20.92,-25.64,Yang2023,2023ApJS..269...27Y,Yang2023,2023ApJS..269...27Y
J103436.86-123342.49,158.653594,-12.561803,5.51,20.12,-26.44,Yang2019a,2019ApJ...871..199Y,Yang2019a,2019ApJ...871..199Y
J050219.32-184759.64,75.58052,-18.7999,5.51,20.97,-25.59,Belladitta2025,2025A&A...699A.335B,Belladitta2025,2025A&A...699A.335B
J132612.21-100407.51,201.550882,-10.068752,5.508843413,20.23,-26.33,DESIDR1,2025arXiv250314745D,DESIDR1,2025arXiv250314745D
J160537.76+241328.04,241.407352,24.224457,5.506949282,20.54,-26.02,DESIDR1,2025arXiv250314745D,DESIDR1,2025arXiv250314745D
J030826.33-040624.76,47.109689,-4.106876,5.505516392,19.94,-26.62,DESIDR1,2025arXiv250314745D,DESIDR1,2025arXiv250314745D
J033246.16-112459.10,53.192313,-11.416417,5.5,20.7,-25.85,Yang2023,2023ApJS..269...27Y,Yang2023,2023ApJS..269...27Y
J113735.37-104934.54,174.397365,-10.82626,5.5,19.87,-26.68,Yang2019a,2019ApJ...871..199Y,Yang2019a,2019ApJ...871..199Y
J030117.01+002025.96,45.320875,0.340544,5.5,24.1,-22.45,Stern2000,2000ApJ...533L..75S,Stern2000,2000ApJ...533L..75S
J165159.95+151603.23,252.999795,15.267563,5.49,18.4,-28.15,Davies2026,2026arXiv260310135D,Davies2026,2026arXiv260310135D
J070139.95+524303.86,105.416457,52.717739,5.49,18.7,-27.85,Davies2026,2026arXiv260310135D,Davies2026,2026arXiv260310135D
J005656.04+224112.16,14.23352,22.686711,5.49,19.78,-26.77,Yang2019a,2019ApJ...871..199Y,Yang2019a,2019ApJ...871..199Y
J001232.88+363216.10,3.137004,36.537806,5.485,19.29,-27.26,Yang2019a,2019ApJ...871..199Y,Zhu2023,2023ApJ...955..115Z
J151339.65+085406.59,228.415188,8.901829,5.4805,19.81,-26.74,Yang2017,2017AJ....153..184Y,Zhu2023,2023ApJ...955..115Z
J102210.04+225225.35,155.541841,22.873708,5.4787,19.38,-27.17,Lyke2020,2020ApJS..250....8L,Zhu2023,2023ApJ...955..115Z
J014426.10+083511.84,26.108742,8.586622,5.475,21.33,-25.22,Yang2023,2023ApJS..269...27Y,Yang2023,2023ApJS..269...27Y
J090630.80+693031.00,136.628333,69.508611,5.47,19.67,-26.88,Romani2004,2004ApJ...610L...9R,Romani2004,2004ApJ...610L...9R
J105405.32+463730.25,163.522167,46.62507,5.469,19.58,-26.97,Yang2019a,2019ApJ...871..199Y,Zhu2023,2023ApJ...955..115Z
J170245.31+130102.24,255.688797,13.017288,5.466,20.81,-25.73,Khorunzhev2021,2021AstL...47..123K,Khorunzhev2021,2021AstL...47..123K
J211812.73-000350.70,319.553042,-0.064083,5.46,20.97,-25.57,McGreer2013,2013ApJ...768..105M,McGreer2013,2013ApJ...768..105M
J140120.86+454253.46,210.336899,45.71485,5.45,21.04,-25.5,Gloudemans2022,2022A&A...668A..27G,Gloudemans2022,2022A&A...668A..27G
J215834.58-075757.36,329.644073,-7.965934,5.45,19.85,-26.69,Yang2023,2023ApJS..269...27Y,Yang2023,2023ApJS..269...27Y
J201859.38-453924.60,304.74742,-45.656833,5.44,19.68,-26.85,Davies2026,2026arXiv260310135D,Davies2026,2026arXiv260310135D
J001040.04+115823.48,2.66682,11.973188,5.44,20.17,-26.37,Yang2023,2023ApJS..269...27Y,Yang2023,2023ApJS..269...27Y
J034108.07-021231.92,55.283629,-2.208866,5.44,21.13,-25.41,Yang2023,2023ApJS..269...27Y,Yang2023,2023ApJS..269...27Y
J133028.26+622412.28,202.617752,62.403411,5.43,20.28,-26.25,Gloudemans2022,2022A&A...668A..27G,Gloudemans2022,2022A&A...668A..27G
J160523.91+330500.39,241.349607,33.083441,5.43,20.57,-25.96,Yang2023,2023ApJS..269...27Y,Yang2023,2023ApJS..269...27Y
J012053.93+214706.21,20.224694,21.785058,5.42,20.04,-26.49,Yang2019a,2019ApJ...871..199Y,Yang2019a,2019ApJ...871..199Y
J230308.65+345620.77,345.78605,34.939103,5.42,17.58,-28.95,Davies2026,2026arXiv260310135D,Davies2026,2026arXiv260310135D
J233410.03-081702.33,353.541772,-8.283982,5.42,20.84,-25.69,Yang2023,2023ApJS..269...27Y,Yang2023,2023ApJS..269...27Y
J023137.65-072854.45,37.906872,-7.481792,5.42,19.17,-27.36,Lyke2020,2020ApJS..250....8L,Zhu2023,2023ApJ...955..115Z
J104149.29+152109.34,160.455367,15.352595,5.42,21.0,-25.53,Yang2023,2023ApJS..269...27Y,Yang2023,2023ApJS..269...27Y
J152144.82+320228.40,230.436744,32.041222,5.42,21.33,-25.2,Yang2023,2023ApJS..269...27Y,Yang2023,2023ApJS..269...27Y
J141446.82+544631.80,213.695083,54.7755,5.42,22.7,-23.83,McGreer2018,2018AJ....155..131M,McGreer2018,2018AJ....155..131M
J165333.84-761426.23,253.391012,-76.24062,5.41,18.2,-28.33,Onken2022,2022MNRAS.511..572O,Onken2022,2022MNRAS.511..572O
J082450.76-674241.33,126.211492,-67.71148,5.41,18.68,-27.85,Onken2022,2022MNRAS.511..572O,Onken2022,2022MNRAS.511..572O
J023002.27+004646.80,37.509458,0.779667,5.41,22.44,-24.09,Matute2013,2013A&A...557A..78M,Matute2013,2013A&A...557A..78M
J001150.05-244400.17,2.958535,-24.733381,5.41,19.08,-27.45,Wenzl2021,2021AJ....162...72W,Wenzl2021,2021AJ....162...72W
J224448.79-200750.66,341.203286,-20.130738,5.41,20.64,-25.89,Ighina2025,2025A&A...698A.158I,Ighina2025,2025A&A...698A.158I
J160552.07+555340.61,241.466958,55.894614,5.409,20.65,-25.88,Shin2020,2020ApJ...893...45S,Shin2020,2020ApJ...893...45S
J181530.01+652054.02,273.875062,65.348338,5.404,21.0,-25.53,Banados2025b,2025MNRAS.542.1088B,Banados2025b,2025MNRAS.542.1088B
J103414.40+572226.00,158.56,57.373889,5.4,23.58,-22.94,Steffen2004,2004AJ....128.1483S,Steffen2004,2004AJ....128.1483S
J142937.96+330416.32,217.408168,33.0712,5.39,21.0,-25.52,Cool2006,2006AJ....132..823C,Cool2006,2006AJ....132..823C
J131237.33+263419.54,198.15554,26.572096,5.39,20.58,-25.94,Yang2023,2023ApJS..269...27Y,Yang2023,2023ApJS..269...27Y
J104013.46+045951.97,160.056078,4.997771,5.39,20.11,-26.41,Yang2023,2023ApJS..269...27Y,Yang2023,2023ApJS..269...27Y
J015533.28+041506.74,28.888667,4.251872,5.382,19.48,-27.04,Wang2016,2016ApJ...819...24W,Zhu2023,2023ApJ...955..115Z
J030642.51+185315.82,46.677135,18.887726,5.3808,17.59,-28.93,Wang2016,2016ApJ...819...24W,Zhu2023,2023ApJ...955..115Z
J141124.53+071808.09,212.852216,7.302248,5.38,19.65,-26.87,Yang2023,2023ApJS..269...27Y,Yang2023,2023ApJS..269...27Y
J095310.79+055532.65,148.294951,5.925736,5.378,20.42,-26.1,Yang2023,2023ApJS..269...27Y,Yang2023,2023ApJS..269...27Y
J122027.74+064301.87,185.115581,6.717187,5.37,20.4,-26.12,Yang2023,2023ApJS..269...27Y,Yang2023,2023ApJS..269...27Y
J020546.63-095523.70,31.444292,-9.92325,5.37,23.29,-23.23,McGreer2018,2018AJ....155..131M,McGreer2018,2018AJ....155..131M
J102813.43+380919.27,157.055941,38.155353,5.37,20.56,-25.96,Yang2023,2023ApJS..269...27Y,Yang2023,2023ApJS..269...27Y
J164854.53+460327.40,252.227208,46.057611,5.36,19.51,-27.0,Caccianiga2019,2019MNRAS.484..204C,Caccianiga2019,2019MNRAS.484..204C
J030128.15-061959.03,45.367299,-6.333063,5.36,21.27,-25.24,Yang2023,2023ApJS..269...27Y,Yang2023,2023ApJS..269...27Y
J000503.75+214506.16,1.265615,21.751712,5.36,19.76,-26.75,Yang2023,2023ApJS..269...27Y,Yang2023,2023ApJS..269...27Y
J085028.16-050606.90,132.617333,-5.101917,5.357,22.61,-23.9,Kim2019,2019ApJ...870...86K,Kim2019,2019ApJ...870...86K
J192600.92-314202.60,291.503833,-31.700722,5.35,18.83,-27.68,Onken2022,2022MNRAS.511..572O,Onken2022,2022MNRAS.511..572O
J153353.25+224718.41,233.471863,22.788447,5.35,19.96,-26.55,Yang2023,2023ApJS..269...27Y,Yang2023,2023ApJS..269...27Y
J141956.59+571840.40,214.985792,57.311222,5.35,20.74,-25.77,McGreer2018;Gloudemans2022,2018AJ....155..131M;2022A&A...668A..27G,Gloudemans2022,2022A&A...668A..27G
J082933.10+250645.60,127.387917,25.112667,5.35,19.6,-26.91,Yang2017,2017AJ....153..184Y,Yang2017,2017AJ....153..184Y
J134040.24+281328.16,205.167677,28.224488,5.349,19.45,-27.06,Lyke2020,2020ApJS..250....8L,Zhu2023,2023ApJ...955..115Z
J001835.00+081559.46,4.64585,8.266517,5.34,21.05,-25.46,Yang2023,2023ApJS..269...27Y,Yang2023,2023ApJS..269...27Y
J164314.00+001101.16,250.808337,0.183657,5.34,20.55,-25.96,Yang2023,2023ApJS..269...27Y,Yang2023,2023ApJS..269...27Y
J105727.60-175831.70,164.365,-17.975472,5.34,20.1,-26.41,Yang2019a,2019ApJ...871..199Y,Yang2019a,2019ApJ...871..199Y
J163838.87+395326.03,249.661973,39.890563,5.34,20.6,-25.91,Yang2023,2023ApJS..269...27Y,Yang2023,2023ApJS..269...27Y
J165635.47+454113.53,254.147806,45.687091,5.336,18.94,-27.57,Wang2016,2016ApJ...819...24W,Zhu2023,2023ApJ...955..115Z
J071931.84+381332.86,109.882658,38.225796,5.335,20.43,-26.08,Yang2023,2023ApJS..269...27Y,Yang2023,2023ApJS..269...27Y
J003125.86+071036.92,7.85775,7.176922,5.33,20.21,-26.29,Wang2016,2016ApJ...819...24W,Wang2016,2016ApJ...819...24W
J000918.00-101723.00,2.324997,-10.289722,5.33,21.27,-25.23,Yang2023,2023ApJS..269...27Y,Yang2023,2023ApJS..269...27Y
J152345.70+334759.84,230.940419,33.799956,5.33,20.25,-26.25,Lyke2020,2020ApJS..250....8L,Lyke2020,2020ApJS..250....8L
J222833.39+091547.23,337.139118,9.263118,5.33,20.27,-26.23,Yang2023,2023ApJS..269...27Y,Yang2023,2023ApJS..269...27Y
J023104.77+071658.90,37.769879,7.283027,5.33,20.86,-25.64,Yang2023,2023ApJS..269...27Y,Yang2023,2023ApJS..269...27Y
J011548.10+262000.06,18.950405,26.333349,5.33,21.38,-25.12,Yang2023,2023ApJS..269...27Y,Yang2023,2023ApJS..269...27Y
J011614.31+053817.59,19.059605,5.638219,5.33,18.84,-27.66,Wang2016,2016ApJ...819...24W,Wang2016,2016ApJ...819...24W
J022604.75-091818.87,36.519773,-9.305242,5.32,20.68,-25.82,Yang2023,2023ApJS..269...27Y,Yang2023,2023ApJS..269...27Y
J124413.67+862554.19,191.05696,86.43172,5.32,19.22,-27.28,Belladitta2023,2023A&A...669A.134,Belladitta2023,2023A&A...669A.134
J095330.88+700141.00,148.37867,70.028057,5.32,21.23,-25.27,Yang2023,2023ApJS..269...27Y,Yang2023,2023ApJS..269...27Y
J093523.31-020754.40,143.847125,-2.131778,5.32,20.33,-26.17,Yang2017,2017AJ....153..184Y,Yang2017,2017AJ....153..184Y
J135747.34+530542.50,209.44725,53.095139,5.32,20.97,-25.53,McGreer2018,2018AJ....155..131M,McGreer2018,2018AJ....155..131M
J143751.83+232313.35,219.465938,23.387042,5.32,19.12,-27.38,Lyke2020,2020ApJS..250....8L,Zhu2023,2023ApJ...955..115Z
J235824.04+063437.40,359.600167,6.577056,5.32,19.31,-27.19,Yang2017,2017AJ....153..184Y,Yang2017,2017AJ....153..184Y
J020052.99-294249.15,30.220808,-29.713653,5.32,19.35,-27.15,Davies2026,2026arXiv260310135D,Davies2026,2026arXiv260310135D
J161425.13+464028.94,243.604723,46.674706,5.316,19.72,-26.78,Schneider2010,2010AJ....139.2360S,Lyke2020,2020ApJS..250....8L
J165902.12+270935.10,254.758824,27.15975,5.316,18.86,-27.64,Lyke2020,2020ApJS..250....8L,Zhu2023,2023ApJ...955..115Z
J073848.04+261532.82,114.700183,26.259116,5.316,20.93,-25.57,Yang2023,2023ApJS..269...27Y,Yang2023,2023ApJS..269...27Y
J205134.59+215636.18,312.894137,21.943383,5.31,18.94,-27.55,Davies2026,2026arXiv260310135D,Davies2026,2026arXiv260310135D
J005243.44+455632.03,13.181021,45.942231,5.31,19.45,-27.05,Yang2019a,2019ApJ...871..199Y,Yang2019a,2019ApJ...871..199Y
J153407.88+384739.45,233.532846,38.794293,5.31,20.9,-25.6,Yang2023,2023ApJS..269...27Y,Yang2023,2023ApJS..269...27Y
J203058.93-471859.15,307.74553,-47.31643,5.31,20.91,-25.59,Belladitta2025,2025A&A...699A.335B,Belladitta2025,2025A&A...699A.335B
J221305.26+003407.80,333.271917,0.568833,5.31,22.57,-23.93,McGreer2018,2018AJ....155..131M,McGreer2018,2018AJ....155..131M
J114706.41-010958.20,176.776708,-1.166167,5.31,19.13,-27.37,Yang2017,2017AJ....153..184Y,Yang2017,2017AJ....153..184Y
J123333.47+062234.19,188.389473,6.376165,5.302,19.59,-26.9,Lyke2020,2020ApJS..250....8L,Lyke2020,2020ApJS..250....8L
J080253.91+331832.95,120.724617,33.309153,5.3,20.91,-25.58,Yang2023,2023ApJS..269...27Y,Yang2023,2023ApJS..269...27Y
J100051.59+023457.63,150.21497,2.582674,5.3,23.76,-22.73,Masters2012,2012ApJ...755..169M,Masters2012,2012ApJ...755..169M
J232726.89+245410.93,351.862048,24.903036,5.3,20.42,-26.07,Gloudemans2022,2022A&A...668A..27G,Gloudemans2022,2022A&A...668A..27G
J013326.84+010637.82,23.361835,1.110505,5.3,20.43,-26.06,Chiu2005,2005AJ....130...13C,Chiu2005,2005AJ....130...13C
J121811.19+180750.54,184.546625,18.130706,5.3,19.89,-26.6,Yang2019a,2019ApJ...871..199Y,Yang2019a,2019ApJ...871..199Y
J233008.71+095743.70,352.536292,9.962139,5.3,19.81,-26.68,Yang2017,2017AJ....153..184Y,Yang2017,2017AJ....153..184Y
J102201.91+080122.27,155.507954,8.022852,5.3,18.93,-27.56,Yang2017,2017AJ....153..184Y,Yang2017,2017AJ....153..184Y
